-0.06,0,0,0,0,0,0,-0.6,-0.3,-0.78,-0.14,0,0,0,0,-1.8,-0.1,-0.17,0,0,0,0,0,0,0,0,0,-0.39,0,0,0,0,-0.16,-0.39,0,0,0,-0.04,0,0,-0.14,-0.09,0,-0.46,-0.05,0,-0.54,-0.28,-0.15,0,0,0,-0.43,-0.55,-0.18,-0.01,0,0,-0.06,-0.11,-0.67,-0.25,-0.34,-0.38,0,-0.21,0,0,0,0,0,0,-0.11,0,-0.41,-0.2,0,0,0,0
-0.07,-0.25,-0.3,-1.12,-0.67,-0.15,-0.43,0.63,0.92,0.25,0.33,0.81,-0.12,-0.12,0.67,0.86,0.86,0,1.54,-0.3,0,-0.29,-0.74,0.15,0.59,0.15,0.34,0.23,0.5,0.52,0.25,0.86,0.53,0.51,0.25,0,-1.29,-1.79,0,0,-0.45,-0.64,0.01,-0.58,-0.51,-0.74,-1.32,0,0,0,-0.47,0,-0.81,0.55,-0.09,0.46,-0.3,-0.2,-0.81,-1.56,-2.74,1.03,1,1.01,0.29,-0.64,-1.03,0.07,0.46,0.33,0.04,-0.6,-0.64,-0.51,-0.36,-0.1,0.13,-1.4,-1.17,-0.64
3.34,0,0,0,0,0,0,-1,-0.47,-0.66,-0.03,1.41,0.8,0,0.41,-0.14,-0.86,-0.79,-1.69,0,0,0,0,0,1.52,1.29,0.84,0.58,1.02,1.35,0.45,1.02,1.47,0.82,0.46,0.25,0.77,0.93,0,0,-0.58,-0.67,-0.18,-0.56,-0.01,0.25,-0.71,-0.49,0,0,-0.43,0,-1.06,0.44,-0.29,0.26,-0.04,-0.14,-0.1,-0.12,-1.6,0.33,0.62,0.52,0.7,-0.22,0.44,-0.6,0.86,1.19,1.58,0.93,1,0.85,1.24,1.06,0.49,0.26,0.18,0.3
0.03,0.18,-0.27,-0.32,0.62,0.46,-0.12,0.32,0.65,0.13,0.12,0.16,0.44,0.58,-0.79,-0.06,0.44,-1.84,1.04,-1.4,-0.29,-0.4,-0.97,0.16,0.57,0.1,0.72,0.46,0.16,-0.3,0.11,0.76,0.29,0.77,0,0,0.48,-0.2,0,0,-0.23,-0.2,0.08,-0.42,-0.42,-0.42,-0.79,-0.81,0,0,0,0,-0.58,-0.07,-0.76,0.06,-0.03,-0.14,-0.17,-0.34,-1.4,0.56,0.48,0.45,0.7,0.36,0.32,-0.22,0.83,1.1,1.23,1.01,0.88,0.9,0.84,0.46,0.11,0.08,-0.65,-0.31
-0.07,0.28,0.32,-0.27,-0.36,0.11,0.04,-0.04,0.11,0.56,0.49,0.66,0.48,-0.04,-0.15,0.6,0.15,1.5,0.53,-0.42,0.32,0.7,0.11,0.31,0.46,0.67,0.93,0.5,0.56,0.78,0.19,0.83,0.1,0.25,0.4,-0.32,0.65,-0.45,0.19,0.4,-0.6,-0.18,-0.43,-0.64,0.04,-0.09,-0.92,0.15,-0.36,-0.81,0.16,0.11,-0.07,-0.54,-0.1,-0.04,-0.06,-0.15,0.07,0.07,-0.54,0.07,0.4,0.36,0.28,0.54,0.43,0.21,0.42,0.5,0.71,0.58,0.82,0.64,1.23,0.42,0.17,-0.12,-0.02,0.08
0.58,0.77,0.28,0.32,0.65,0.77,0.46,-0.58,-0.32,-0.47,-0.6,-0.04,0.4,0.33,-0.84,-0.92,-0.45,-0.29,-0.67,-0.12,0.15,0.32,0.31,0.26,0.15,0.26,0.4,-0.1,0.34,0.5,0.58,0.72,0.57,0.77,0.48,0.32,1.1,0.7,0.33,0.32,-0.49,-0.29,-0.45,-0.58,0.07,0.29,0.03,0,0.31,0.25,0.3,-0.29,0.4,0,0,-0.03,0.08,0.26,0.32,-0.23,-0.69,-0.15,-0.04,-0.54,0.37,0.44,0.18,0.26,-0.07,0.58,0.8,0.9,0.99,0.96,0.8,0.37,0.07,0.15,-0.11,0.01
0.04,0.75,0.82,0.21,-0.2,0.54,0.33,-0.18,0,0,0.5,0.5,0.48,-0.27,0.53,0.65,-0.04,0.11,0.18,0.15,0.8,0.52,0.44,0.5,0.97,0.87,0.82,0.26,0.57,1.08,0.41,0.83,0.12,0.33,0.89,0.7,0,0.54,0.63,0.34,-0.38,-0.23,-0.32,-0.6,0.31,0.88,0.65,0.72,0.65,1.01,0,0.88,0.32,-0.14,0.07,0.19,-0.07,-0.09,0.11,-0.06,-0.84,0.14,0.37,0.41,0.57,0.63,0.34,0.1,0.31,0.44,0.7,0.54,0.64,0.39,0.56,0.29,0.24,0.41,0.59,0.46
0.31,0.95,0.12,0.18,0.69,0.39,0.47,-0.35,-0.44,-1.05,0.12,0.18,0.52,-0.38,-0.2,-1,0.66,-0.08,-0.12,0.41,0.66,0.67,0.42,0.19,1.09,1.05,0.61,-0.53,0.24,0.61,0.44,1.1,0.03,0.22,0.7,1.16,1.42,1.31,0.78,0.44,0.01,0.04,0.37,-0.26,0.25,0.66,0.45,0.57,0.38,0.61,0.74,0.81,0.49,0,0,-0.18,0.71,-0.18,-0.01,0.42,-0.47,0.37,0.08,0.28,0.05,-0.01,0.04,-0.04,0.63,0.57,0.77,0.69,0.65,0.4,0.39,0.26,0.1,0.12,0.08,0.09
0.22,0.02,-0.64,0.06,-0.04,-0.19,-0.32,0,0.12,-0.77,-0.18,-0.12,-0.03,0.14,-0.72,0.08,1.41,-0.06,1.33,-0.32,-0.1,-0.26,-0.35,-0.19,0.11,-0.11,0.3,0.76,-0.15,-0.58,-0.48,0.26,-0.67,0.63,0.22,0.69,0.04,0,-0.2,0.55,-0.28,-0.14,-0.25,-0.59,0.67,0.48,0.09,0.08,0.21,0.34,0.13,0.13,0.59,-0.23,0,-0.27,-0.04,0.24,-0.04,-0.12,-0.15,-0.15,-0.07,0.36,0.32,0.11,0.07,0.18,0.11,0.03,0.35,0.36,0.37,0.42,0.43,0.31,-0.15,-0.16,-0.11,-0.04
-0.25,0.18,0.06,-0.15,-0.17,-0.04,-0.1,0.03,0.25,-0.01,0.37,0.48,0.68,0.28,-2.64,-2.4,-0.22,0.94,0.83,-0.42,0.34,0.21,-0.43,0.21,0.84,0.69,0.92,0.38,-0.01,0.43,0.56,0.75,0.06,0.59,0.64,-0.14,0.54,-0.71,0.36,0,-0.22,0.2,0.04,-0.29,-0.2,0.36,-1.15,0.21,0.01,-0.14,0.3,0.65,0,-0.49,-0.04,-0.22,-0.76,-0.58,-0.34,-0.71,-0.74,0.32,0.49,0.33,0.38,0.19,0,0.64,0.19,0.11,0.23,0.24,0.4,0.29,0.21,0.03,-0.02,-0.15,0.05,0.21
-0.58,-0.45,-0.97,0.07,0.16,0,-0.16,-0.3,0.15,-0.22,-0.28,0.12,-0.08,-0.11,0.66,0.1,-0.4,0.53,-0.55,-0.84,-0.47,-0.83,-0.61,-0.31,0.46,-0.03,1.09,0.22,-0.3,-0.15,-0.22,-0.53,-0.19,0.21,0.4,-0.19,-0.22,-0.3,-0.25,0.12,-0.15,-1.17,2.11,-0.66,-0.3,0.08,-0.39,-0.31,-0.15,0.26,0.16,-0.23,-0.56,0,0,0.29,0.99,0,0.29,0.29,-0.74,-0.11,-0.06,0.2,-0.17,0.4,0.37,-0.24,0.01,-0.34,-0.1,-0.15,-0.01,0.12,0.24,0.38,-0.14,-0.29,-0.25,-0.03
-0.6,0.1,0.48,-0.32,-0.62,-0.09,-0.09,-0.02,0.02,-0.36,0.65,0.33,0.19,0.09,-1.03,-0.38,0.25,0.62,0.12,-0.56,0.23,-0.23,-0.74,-0.49,0.66,0.42,0.53,0.44,0.09,0.49,0.37,-0.3,-0.47,-0.15,0.16,-0.18,0.24,-0.32,-0.15,-0.07,0.14,0.2,-0.85,-0.08,-0.63,0.12,-0.22,-0.01,-0.2,-0.44,0.32,0.63,-0.23,-0.97,0.07,-0.34,-0.94,-1.06,-0.43,-0.54,-1.12,0.17,-0.18,-0.12,-0.54,-0.19,-0.08,0.07,0.25,0.14,0.36,0.18,-0.05,-0.13,-0.67,-0.1,-0.04,0.02,0.05,0.09
-0.58,-0.23,0.23,-0.29,0.42,-0.1,0,-0.58,-0.51,-1.01,-1.09,1.94,0.85,0.41,0.51,0.77,0.15,0.15,0.19,-0.76,0,-0.54,-0.34,-0.1,0.32,0.41,1.07,0.07,-0.15,0.46,0.32,-0.25,0.25,0.01,0.39,-0.1,0.32,-0.09,-0.17,-0.25,0.01,-0.62,0.21,0.18,0.34,0.03,0.03,0.07,0,0.16,0.08,0.36,-0.15,0,-0.25,-0.22,0,0,0,0.06,0,0.41,-0.69,0,1.46,0,0,-0.81,0.21,0.23,0.23,-0.04,-0.14,0.01,-0.1,-0.14,0.25,0.14,0,-0.15
-0.74,-0.38,0.87,-0.34,0.12,-0.06,0,-0.24,-0.04,-0.44,0.23,0.77,0.63,0.17,0.33,0.28,-0.09,0.42,0.12,-0.64,-0.29,-0.49,1.98,-0.27,0.33,0.04,0.41,-0.32,-0.01,0.33,0.25,0.54,0,0.39,0.18,0.11,0.04,1.51,-0.05,-0.16,-0.13,-0.34,0.01,-0.16,-0.26,0.06,-0.01,-0.02,-0.13,-0.07,0.17,0.39,-0.4,-0.42,-0.8,-0.39,-0.59,-0.47,-0.38,-0.29,-0.42,-0.55,0.02,-0.08,-0.37,-0.63,-0.47,-0.93,-0.12,-0.01,-0.08,-0.27,-0.23,-0.11,-0.24,-0.15,0.01,0.12,-0.09,-0.06
0.2,0.31,0.15,0.04,-0.22,-0.04,-0.06,0.03,-0.51,-0.36,0.04,0.3,0.42,-0.03,-0.32,-0.32,-0.49,-0.92,-0.36,0.91,0.57,0.59,0.61,0.66,0.3,0.46,0.28,0.19,0.38,0.61,0.51,0.24,0.4,0.37,-0.1,-0.03,0.01,0,0.52,0.25,0.34,-0.09,0.24,0.25,0.14,0.64,0.44,0.54,0.32,0.23,0.2,0.4,-0.18,0,-0.3,-0.49,-0.49,-0.25,-0.07,0.08,-0.43,-0.14,0.04,0.06,0.2,0.34,0.12,-0.12,0.15,0.57,0.64,0.44,0.52,0.38,0.28,0.08,0.09,0.07,0.07,-0.07
-0.04,-0.03,-0.2,-0.29,-0.76,-0.29,-0.15,0.01,-0.07,0.06,-0.49,0.15,0.08,-0.25,-0.67,0.21,-1.36,0.63,0.11,-0.07,-0.2,-0.06,-0.04,-0.58,0.1,0.04,-0.07,-0.22,0.34,0.12,-0.01,0.03,-0.15,0.15,-0.25,-0.18,-0.07,-0.2,-0.09,0.04,0.15,-0.27,0,-0.01,-0.34,0.03,-0.32,-0.89,0,0.39,-0.23,-0.09,-0.3,0,-0.2,-0.12,-0.12,-0.32,-0.3,-0.27,-0.67,-0.3,0.03,-0.32,-0.17,0.19,0.06,-0.17,-0.1,0.03,0.14,-0.09,0.04,-0.17,-0.1,-0.07,0.05,-0.11,-0.33,-0.14
-0.61,-0.8,-1.38,-0.48,-1.29,-0.59,-0.38,-0.83,0.37,0.21,-0.15,0.47,0.6,-0.35,0.43,0.61,-0.33,0.46,0.38,-1.04,-0.8,-0.79,-0.91,-0.43,0.71,-0.06,0.28,-0.03,0.23,0.19,0.38,-0.04,-0.32,-0.16,0.09,-0.49,-0.18,-0.17,-0.14,-0.28,0.9,-0.38,0.49,-0.17,-0.25,-0.16,-0.69,-0.35,-0.43,-0.66,-0.56,0.1,-0.82,0,-0.94,-0.69,-0.41,-0.58,-0.54,-0.71,-0.89,0.5,-0.01,0.13,-0.19,-0.87,0.08,-0.84,0.21,0.23,0.08,-0.17,-0.1,-0.16,-0.18,0,0.12,0.03,-0.09,-0.12
-0.58,-0.86,-1.18,-0.71,-0.71,-0.29,-0.58,0.61,0.37,0.05,-0.12,-1.08,-1.04,0.45,1.18,1.41,1.4,1.62,1.14,-1.51,-0.94,-1.84,-0.94,-0.85,0.12,-0.44,0.22,0.1,0.12,0.08,0.34,0.51,-0.14,0.39,-0.17,-0.36,0,0,-0.35,-0.07,-0.3,-0.03,-0.25,-0.71,-1.89,-0.36,-0.44,-0.46,-0.31,-0.64,-0.51,-0.49,-0.67,0.57,0.22,0.25,-0.4,-0.21,-0.55,-0.41,-1.25,0.61,0.3,-0.12,-0.36,-0.58,-0.9,0.19,-0.74,-0.77,-0.66,-0.97,-0.48,-0.63,-0.42,-0.45,-0.34,-1.15,-0.45,-0.23
-0.03,-0.12,-0.04,-0.58,-0.74,-0.45,-0.51,0.46,0.78,0.58,0.21,0.49,-0.15,-0.12,-0.07,0,-0.2,0.97,1.05,-0.12,0.23,0.37,0.24,0.24,0.26,0.26,0.08,0.44,0.15,0.08,-0.25,0.28,0.39,0.04,0.15,-0.71,-0.51,-0.81,-0.89,-0.23,-0.12,-0.45,0.03,0.14,-0.81,-0.84,-0.94,-0.94,-0.79,-1.03,-1,-0.67,-0.76,0.56,0.14,0.32,-0.06,0.11,0.21,-0.12,-0.6,0.74,0.59,0.48,0.62,0.8,0.06,-0.15,0.46,0.33,-0.06,-0.22,-0.17,-0.06,0.46,-0.07,0.24,-0.5,-0.7,-0.08
0.42,0.48,0.11,0.18,0.39,-0.23,-0.64,0.03,-0.79,-0.27,-0.62,-0.06,0.4,-0.22,0.59,-2.18,-0.74,0.3,0.26,0.03,-0.06,0.3,0.26,-0.1,0.36,0.34,-0.17,0.14,0.15,0.4,0.24,0.93,0.78,0.41,-0.12,-0.34,-0.32,-0.42,-0.47,0.03,0.28,-0.03,0.1,0.3,-0.45,-0.36,-0.25,-0.1,0.1,-0.07,-0.12,-0.22,-0.14,-0.4,-0.69,-0.45,-0.27,-0.32,-0.34,-0.71,-0.62,-0.1,-0.07,-0.2,0.28,0.42,0.41,-0.25,0.32,0.86,1.24,0.76,1.28,0.7,0.85,0.07,-0.09,-0.35,-0.31,-0.08
-0.56,-0.18,-0.3,-0.89,-0.74,-1.03,-0.67,0.16,0.12,0.16,0.06,0.15,0.23,-0.29,0.4,0.38,0.6,0.3,0.69,-0.69,-0.29,-0.2,0.03,0.25,0.15,0.3,0.06,0.31,-0.09,-0.17,-0.22,-0.32,-0.25,-0.1,-0.43,-0.38,0.12,-0.94,-0.42,-0.36,-0.06,-0.14,0.16,0.16,-0.36,-0.3,-0.45,-0.17,-0.03,-1.15,-0.34,-0.25,-0.62,-1.29,-0.04,-0.12,-0.58,0,-0.71,-0.45,-0.45,0.46,0.15,-0.03,0.14,-0.09,0.3,0.9,0,0.11,0.23,0.28,0.18,-0.25,-0.45,-0.42,0.3,0.17,-0.02,0.04
0.31,0.29,-0.3,-0.06,-0.01,-0.14,-0.2,-0.43,-0.49,-0.45,-0.64,0.08,-0.15,-0.14,0.28,0.6,0.06,0.52,-0.38,0.34,0.06,0.11,0.14,-0.23,-0.51,0.43,0.69,-0.23,0.14,0.5,0.25,0.59,0.12,0.34,-0.2,-0.22,0,-0.34,-0.06,-0.14,0.04,-0.32,-0.2,-0.01,-0.01,0,0.01,-0.1,0.07,-0.25,-0.17,-0.38,-0.03,-0.89,-0.97,-0.89,-0.42,-0.23,-0.3,-0.67,-0.3,-0.1,-0.12,0.01,-0.25,0.25,0.06,-0.14,-0.47,-0.34,-0.03,-0.25,0.06,-0.49,-0.22,0,0.06,-0.01,0.02,-0.08
-0.01,-0.34,-0.67,-0.23,0,-0.58,-0.6,-0.14,-0.3,-0.17,-0.81,-0.03,0,-0.1,-1.06,-3.32,0.41,-1.74,0.24,-0.15,-0.45,-0.27,-0.25,-0.54,1.34,-0.1,0.53,0.39,-0.17,0.12,0.3,0.14,-0.3,0.39,0.24,-0.43,-0.34,-0.67,-0.38,-0.03,-0.04,-0.29,-0.12,0,-0.04,-0.18,-0.15,-0.2,0.12,-0.01,-0.2,-0.38,0.07,-1.36,-0.62,-1.51,-0.34,-0.38,-0.25,-0.89,-0.6,-0.15,0.07,0.14,-0.22,-0.06,-0.22,1.29,0,-0.45,0.01,-0.04,0.03,-0.45,-0.25,-0.4,0.01,-0.35,-0.22,-0.01
0.33,-0.51,-1.6,-0.22,0,-0.38,-0.23,-0.2,-0.3,-0.27,-0.4,-0.15,-0.3,-0.12,-0.3,0.29,-1.51,0.48,-0.62,0.1,-0.45,-0.38,-0.38,-1.89,1.1,-0.12,0.74,-0.34,-0.17,0.07,0.44,0.21,0.19,0.96,0,-1.94,0,-0.25,0,0,0,0,0,1.42,-1.6,0,0,0,-0.07,0,0,0,0,-0.64,-0.58,-0.56,-0.34,-0.49,-0.29,-0.58,-0.54,-0.1,-0.14,-0.17,-0.84,-0.23,-0.34,-0.4,-0.58,-0.47,-0.32,-0.45,-0.25,-0.3,-0.29,-0.18,0.05,-0.32,-0.01,0
-0.14,-0.27,0.31,0.18,0.04,-0.17,-0.94,-0.02,-0.52,-0.33,0.01,0.29,0.17,-0.23,1.07,0.21,-0.4,-0.94,-0.09,-0.29,0.21,-0.04,-0.32,-3.25,2.49,0.63,0.53,-0.74,1.12,-0.23,0.05,0.76,-0.76,-0.03,0.57,0.05,-0.27,0.11,-0.19,-0.23,-0.62,0.05,-0.4,-0.26,-0.18,-0.02,0.22,0.05,-0.12,0.16,-0.34,0.63,-0.54,-2.4,0,-3.12,0.07,-0.74,-0.55,0.16,-0.64,-0.76,-0.53,-0.22,0.03,0.13,-0.3,-0.28,-0.04,0.01,0.09,-0.01,-0.11,0.01,-0.13,-0.29,0.07,-0.03,-0.1,-0.13
0,0.2,0.77,0.79,0,0.36,-0.62,-0.94,-0.62,-0.63,0.14,0.53,0.8,-0.27,1,-1.4,-1.09,0,-2.06,1.38,0.87,0.71,0.48,0.12,0,1.32,0.12,-1.18,0.34,0,0.52,1.65,0,0,0,-0.18,-0.3,-0.38,0.01,-0.49,-0.07,0.44,0.06,0.11,-0.4,0.07,-0.25,-0.36,0.24,-0.34,-0.29,-0.07,0.12,-0.64,-0.36,-0.17,-0.89,-0.51,0.2,0.25,0.19,-0.69,-0.47,-0.04,-1.09,-0.15,0.86,-0.34,0.26,0.26,0.25,0.83,0.38,0.21,0.04,-0.12,0.14,0.13,-0.07,-0.2
-0.16,-0.03,0.26,-0.08,0.01,0.16,-0.23,-0.42,-0.14,-0.43,-0.36,0.4,0.12,-0.42,0.26,-0.29,0.23,1.26,0.26,-0.14,0,0.34,-0.13,0.14,1.13,0.33,2.24,-0.84,0.51,0.72,0.67,0.83,-0.84,0.23,0.19,0.22,0.02,0.67,0.18,-0.27,-0.21,0.22,-0.07,-0.08,0.03,0.12,-0.21,-0.23,-0.14,-0.33,-1.84,0.05,-0.76,-0.81,-1.94,-0.17,-0.81,0,-0.22,0.06,0.06,-0.08,-0.59,0.07,-0.2,-0.26,-0.08,-0.29,0.23,0.14,0.13,-0.02,-0.03,-0.13,-0.28,-0.24,0.23,0.06,-0.1,-0.13
2.45,2.93,3.01,2.68,2.39,1.83,1.57,-1.84,-2.06,-1.83,-0.81,0.88,0.6,-0.18,0,-0.04,-0.32,1.14,-0.69,3.48,3.22,2.88,2.43,1.82,2,2.75,1.2,0.7,0.89,2.22,0.81,1.37,0.71,0.36,-0.27,0,0.32,0.73,0.55,1.28,0.86,1.38,0.62,0.82,-0.1,-0.51,-0.3,-0.49,-0.3,-1.15,0.19,0.28,0.16,-1.51,0,0,-0.81,0,-0.3,-0.23,0.32,-0.17,-0.15,-0.03,0.24,0.6,0.67,0.28,0.58,1.54,1.88,1.94,1.46,0.77,0.12,-0.43,0,0.28,-0.02,0.08
0.44,0.39,-0.06,-0.18,-0.42,-0.86,-0.45,-0.36,-0.56,-0.59,-0.17,0.73,0.04,-0.56,-3.84,-0.92,-0.92,-0.25,0.52,0.68,0.57,0.76,0.68,0.55,0.92,0.9,-0.32,0.45,0.12,0.39,-0.49,0.52,-0.64,-0.47,0.07,-0.4,0.06,-0.32,-0.84,-0.09,0.03,0.54,-0.15,-0.01,-1.06,-0.81,-0.54,-0.12,-0.6,-2.32,-0.76,-0.79,0.11,-0.97,0,0,-0.69,0,-0.34,-0.67,0.76,-0.34,-0.18,-0.23,-0.09,0.39,0.07,-0.06,0.18,0.24,0.37,0.21,0.06,-0.29,-0.36,-0.56,0.32,-0.05,-0.47,-0.3
0,-0.38,-1.12,-0.4,-0.76,-0.47,-0.49,-0.71,-0.29,0.34,0.57,0.07,0.07,-0.27,0,-1.43,-0.25,-1.43,-1,-0.89,-0.43,0,-0.45,0.84,-3.32,0.68,0,0,-0.67,0.37,-1,0,-0.64,1.12,0.41,0.44,-0.2,-0.58,0,0.03,0.01,0.78,0,0.12,-0.64,-0.42,-0.06,-0.47,-0.79,-1.06,0.61,-0.23,-0.27,-0.81,-4.32,-0.6,-0.43,0,-0.56,-1.74,0,-0.1,-0.49,-0.58,-0.14,-0.27,-1.12,-0.49,0,0.18,0.03,0.03,-0.17,-0.12,-0.14,-0.1,0.16,-0.04,-0.13,0.14
-1.09,-0.74,-0.47,-0.49,-0.69,-0.25,-0.12,0.24,0.37,0.2,-0.03,-0.29,-0.09,-0.06,0.31,0.34,0.57,-0.42,0.25,-0.54,-0.54,-0.36,-0.42,0.11,0.58,0.46,0.41,0.08,0.49,0.46,0.34,0.36,0.4,0.68,-0.58,-0.3,-0.71,-1,-0.32,-0.3,-0.1,0.2,-0.32,0.04,-0.23,-0.23,0.11,-0.03,0,0.16,0.5,0.03,-0.15,-0.67,-0.64,-0.29,-0.23,0,-0.15,-0.18,-0.2,-0.09,0.29,0.29,0.3,-0.14,-0.47,-0.38,-0.09,-0.07,-0.34,-0.36,-0.15,-0.18,-0.2,-0.2,-0.08,-0.16,-0.21,-0.19
-0.14,-0.34,-0.84,-0.42,-0.25,-0.64,-0.69,0.1,0.12,-0.11,-0.54,-0.06,-0.17,-0.01,-0.38,0.03,-0.34,0.06,1.12,-0.3,-0.36,-0.32,-0.34,-0.54,1.46,0.23,0.81,0.58,-0.4,-0.1,-0.15,0.18,-0.62,-0.86,0.24,-0.03,0.42,-0.43,0.2,0,-0.03,0.3,0.81,0,0.33,0.38,0.19,0.1,0.14,0.65,0.01,0.23,-0.09,0,0,0,0,0,-0.58,-1.89,0,-0.3,0.03,-0.01,0.24,0.21,0.07,-0.07,-0.49,-0.27,0,-0.18,0,-0.15,0,0,0.01,0.03,-0.08,-0.03
-0.27,-0.09,0.14,-0.12,-0.14,-0.14,-0.27,0.01,0.14,0.13,-0.51,0.36,0.24,-0.03,-1.18,-0.27,1.34,0.2,1.05,0.03,0.07,0.21,0.19,0.48,1.84,0.56,1.05,0.01,1.28,-0.14,0.9,0.9,0.59,0.61,0.1,-0.12,-0.32,0.63,0.6,0.29,0.03,0.51,0.12,0.08,-0.4,-0.09,0.1,0,0.03,0.19,0.68,0.15,0.06,-0.79,-0.15,-0.43,-0.79,0,-0.2,-0.51,-0.92,0.03,0.19,0.06,0.31,0.07,-0.1,-0.18,0.15,0.39,0.56,0.48,0.59,0.41,0.28,0.06,0.11,-0.04,-0.04,-0.22
-0.04,-0.45,0,-0.36,0,-0.92,-0.81,0.28,0.58,-0.69,-0.36,-0.51,-1.18,0,-1.18,-0.2,-0.47,0.98,0.74,-0.58,-0.56,-0.84,-0.84,-1.03,0.91,-0.22,0.74,-0.45,-0.45,-1.25,0.41,0.28,-0.15,0.07,-0.29,-0.34,-0.27,-1.03,-0.32,-0.18,-0.12,0.29,-0.18,0.01,0.01,-0.36,-0.2,-1.03,-0.22,-0.36,-0.27,-0.42,0.14,0,0,0,0,0,-0.29,-0.58,0,-0.42,-0.3,-0.09,-0.25,-0.4,-0.22,0.49,-0.3,0.16,-0.07,-0.51,0.1,-0.15,-0.12,-0.2,0.08,-0.27,-0.46,0.03
-0.81,-0.36,-0.56,-0.32,0,-0.47,0,-0.3,0.15,-0.74,0.11,0.11,0.32,-0.47,-5.06,1.18,-0.23,-0.54,0.23,-0.76,-0.36,-0.51,-0.51,-0.74,0,-0.38,0,0,-0.12,1.16,-0.09,0.19,-1.51,1.34,0.04,-0.56,-0.71,-0.47,-0.94,-0.81,-0.29,0.32,-0.04,-0.12,-0.4,-0.32,0.11,-0.32,0,-0.32,-0.04,0.31,-0.23,-0.6,0,0,0,0,-0.49,-0.34,0,-0.25,-0.23,-0.45,-0.34,-0.62,-0.51,-0.25,0.19,-0.17,0.1,-0.25,-0.25,-0.18,-0.89,-0.25,0.17,0,-0.03,-0.12
-0.23,0,0,-0.27,-0.2,-1,-0.47,-0.29,0.68,-0.23,0.72,0.17,0.19,0.07,-0.27,-2.22,0.72,0,0,0.31,0,-0.09,0.56,0.04,0,0,0,2.14,0.49,-0.58,-0.44,-1.22,-0.58,-0.22,-0.08,0.52,0.08,0.32,-0.16,-0.19,-0.21,-0.05,0.23,-0.2,-0.02,-0.43,-0.11,-0.47,-0.43,-0.25,0.19,-0.15,-0.28,-0.97,0,0,-0.09,-0.09,-0.88,1.23,-0.03,-0.43,-0.34,-0.46,-0.29,-0.69,-0.08,0.25,0.12,0.04,0.91,-0.52,-0.3,-0.23,-0.17,-0.38,-0.04,0.04,-0.22,-0.39
0.1,0.23,0.24,0,-0.14,0.11,-0.01,-0.22,-0.09,-0.05,0.06,0.43,1.51,0.41,-0.67,-0.07,-0.3,-0.04,0.01,1.01,0.14,0.34,0.06,0.23,0.46,0.53,0.58,0.68,0.01,0.25,0.01,-0.34,0.12,0.55,-0.42,0.14,0.15,0.87,0.11,0.29,-0.04,-0.14,-0.01,0.06,0.21,0.11,0.46,0.51,0.24,0.08,0.41,0.18,0.25,-0.6,0,0,0.03,-0.34,-0.25,0,-0.03,0.06,-0.34,-0.04,0.16,0.41,0.77,0.14,0.03,0.3,0.18,0.21,0.42,0.24,0.69,0.49,0.11,0.4,0.24,-0.07
-0.14,0.33,0.18,-0.07,0,0.06,0.08,-0.43,-0.13,-0.77,0.27,0.31,0.38,-0.1,0.37,-0.38,-0.13,-0.86,0.32,-0.06,0.03,0.02,-0.49,0.18,0.43,0.37,0.58,-0.08,-0.14,0.43,0.33,0.16,0.29,-1,0.55,-1.48,0.08,-0.03,-0.1,-0.31,-0.18,-0.02,-0.16,-0.14,-0.11,-0.23,-0.17,-0.49,-0.56,-0.64,-0.21,-0.13,-0.16,-0.34,-0.56,0,-0.57,-0.38,-0.31,-0.7,-0.42,-0.12,-0.27,-0.35,-0.41,-0.3,0.12,-0.07,0.06,0.23,0.21,0.11,0.09,-0.07,-0.23,-0.11,0.21,0.01,-0.21,-0.03
0.43,-0.49,-1.09,-1.79,-1.79,0.59,0.53,0.34,0.54,0.36,0.16,0.14,-1.15,0.72,0.03,0,-0.2,0.74,1.08,-0.81,-0.54,-0.69,-0.97,-0.6,-0.29,-0.58,-0.38,0.41,0.06,-0.89,-0.84,-0.09,-1,-0.56,-1.09,-1.84,-0.94,-0.91,-0.3,-0.14,-0.67,-0.62,-0.22,-0.27,0.46,0.2,-0.12,-0.36,-0.42,0.49,0.38,0.14,0.76,0.16,-0.14,-0.43,-0.62,-0.25,-0.67,-1.69,-2.32,1.13,1.24,1.23,-0.03,-0.76,-1.22,0.51,0.43,0.58,0.16,-0.42,-0.49,-0.2,0.18,0.41,-0.45,-0.14,-0.55,-0.69
-0.4,-1.12,-1.4,-2.06,-2.25,0.18,0.16,0.78,1.12,0.6,0.32,0.18,-1.06,0.52,0.4,0.44,0,1.12,1.46,-1.18,-1.03,-1.29,-1.43,-0.3,-0.15,-0.64,-0.38,0.1,0.26,-0.67,-0.74,0.3,-0.97,-0.38,-0.09,-1.6,-1.15,-1.38,-0.62,0,-0.4,-0.74,-0.23,-0.34,0.38,0.03,-0.56,0,0,0.44,0.18,0,0.51,0.45,0.18,0.16,-0.32,-0.32,-0.81,-1.6,-2.64,1.23,1.12,0.9,0.21,-0.94,-1.25,0.19,0.5,0.65,0.3,-0.45,-0.62,-0.47,0.1,0.32,-0.57,-0.37,-0.52,-0.71
0.16,-0.62,-0.67,0,-0.94,-0.32,-0.2,0.66,0.28,0.06,0,-0.83,-1.14,0.42,0.45,0.66,1.23,0.26,1.14,-0.5,0,0.58,1.27,-1.22,1.2,-1.15,0.91,0.56,-0.29,-0.26,-0.11,0.6,-0.35,-0.55,0.7,0.16,0.05,-0.13,0.09,-0.04,-0.38,-0.09,-0.38,-0.79,0.1,-0.02,-0.14,-0.37,-0.05,0.22,0.04,-0.14,0.03,0,-0.15,0,-0.91,-1.15,-0.97,-0.94,-2.4,0.3,0.46,0.64,-0.37,-0.64,-0.81,0.07,-0.28,-0.7,-0.94,-0.17,-0.83,-0.58,-0.2,-0.45,-0.24,-0.4,-0.48,0.01
-2.18,-0.25,0.24,-0.09,-0.15,0.31,0.6,0.14,0.61,-0.02,0.01,0.46,0.06,0.24,0.7,0.19,0.64,-0.15,-0.17,0.77,1.11,1.09,0.48,0.43,0.19,0.31,0.41,1.12,-0.07,0.48,0.11,0.28,0.66,0.42,0.65,0.31,0.54,0.33,0.7,0.58,0.59,0.43,0.43,0.23,0.23,1.01,0.42,0.03,0.21,0.3,0.7,1.46,0.14,0.39,0.38,0.44,-0.17,0.19,0.29,-0.25,-0.42,-0.01,-0.03,-0.09,-0.23,0,-0.23,-0.17,-0.04,-0.09,0.01,-0.04,0.55,0.44,1.04,1,0.43,0.89,0.6,0.89
-0.55,0.8,0.56,-0.01,0.3,-0.01,0.08,-0.54,-0.42,-0.54,-0.48,0.49,0.42,0.11,-0.43,-0.14,0.1,0.35,-0.21,0.79,1.06,0.86,1.02,0.64,0.7,0.76,0.56,0.3,0.1,1.08,0.2,0.66,0.03,0.32,0.42,-0.38,0.91,0.28,0.09,-0.09,-0.29,-0.12,-0.22,-0.47,-0.37,0.1,-0.24,-0.44,-0.47,-0.58,-0.24,0.37,-0.5,-0.62,-0.27,-0.32,-0.32,0,-0.26,-0.13,-0.75,0.09,0.21,0.37,0.24,-0.04,-0.18,-0.33,0.12,0.04,0.44,0.52,0.38,0.02,-0.12,-0.07,0.05,-0.06,0.08,0.02
-0.3,-0.37,-0.76,0.65,-0.08,-0.37,-0.71,0.1,-0.07,-0.03,-0.34,-0.5,0.06,0.07,-0.52,1.16,-0.64,-2.31,-0.54,-0.6,0.34,-0.5,-0.65,-0.36,0.21,-0.36,1.42,-0.23,-0.29,0.66,0.14,0.41,0.11,0.46,0.43,0.03,0.12,0.58,0,0.27,-0.44,-0.27,-0.17,-0.44,-0.25,0.39,-0.26,-0.41,-0.16,-0.33,0.51,0,-0.14,-0.84,-0.2,-0.06,-0.45,-0.25,-0.25,-0.18,-0.62,0.14,0.35,0.34,0.13,0.16,0.16,-0.05,0.14,-0.25,0.24,0,0.04,-0.11,-0.11,-0.11,-0.01,-0.16,-0.12,-0.05
-1.29,-1.47,-1.6,-1.56,-1.22,0.19,0.15,0.29,0.77,0.57,-0.23,-0.51,-0.29,0.64,-0.07,0.16,0.68,0.91,0.83,-1.89,-1.06,-0.76,-1.32,-0.69,-0.47,-0.58,0.33,0.25,-0.67,-0.29,0.04,-0.2,-0.47,0.45,-0.51,-0.97,-0.54,-0.3,-0.25,-0.06,-0.49,-0.43,-0.42,-0.67,-0.12,0.14,-0.51,-0.71,-0.49,0.14,0.15,0.01,-0.01,-0.15,-0.38,-0.07,-0.23,-0.45,0.01,-0.81,-0.64,0.68,0.95,0.23,-0.62,-0.34,-0.15,0.37,-0.23,-0.81,-1.06,-0.84,-0.62,-0.45,-0.67,0.03,-0.35,-0.59,-1.06,-0.16
-0.29,0.12,-0.03,-0.54,-0.29,0.01,-0.17,-0.12,0.19,-0.09,-0.07,0.16,0.25,-0.04,1.08,0.91,0.8,0.5,0.77,-0.71,0.37,0.2,0.06,0.03,0.54,0.24,0.18,0.2,-0.01,0.21,-0.07,0.29,-0.25,-0.15,0.32,0.1,0.58,0.01,0.26,0.21,-0.2,-0.09,-0.15,-0.42,-0.18,0.42,0,-0.15,-0.22,-0.03,0.31,-0.09,0.1,0.74,0.33,0.41,-0.22,-0.03,0.32,-0.3,-0.89,0.49,0.54,0.19,-0.17,-0.01,0.16,-0.34,0.25,0.25,0.58,0.33,0.42,0.07,0.2,0.23,0.08,-0.05,-0.01,0.01
-0.6,0.14,0.15,-0.25,-0.56,-0.04,0.01,-0.03,-0.47,-0.78,-0.29,0.36,0.37,-0.38,0,-1.12,1.66,-0.51,-0.2,0.04,0.46,0.49,-0.12,-0.1,0.74,-0.09,-0.2,-0.2,-0.56,0.42,-0.43,0.34,-0.51,-0.4,0.61,-0.09,0.57,0.33,0.1,-0.25,-0.38,-0.06,-0.23,-0.4,0,-0.06,-0.62,-0.3,-0.17,0.32,0.04,-0.17,0.19,-0.34,-1.29,-0.58,-0.81,-0.49,-0.47,-1.6,-0.42,-0.36,0.14,-0.64,-0.4,-0.49,0.04,0,0.1,-0.25,0.01,0.16,-0.01,-0.23,0,-0.4,0.07,0.04,-0.12,-0.02
-0.71,-1,-1.74,0.42,-0.45,-0.23,-0.42,0.58,0.37,0.12,-1.09,-0.6,-0.25,-0.09,0.53,0.87,0.59,0.77,0.25,-1.43,-0.94,-0.97,-0.81,-0.79,0.23,-0.4,0.21,-0.04,-0.89,-0.22,0.4,-0.49,-0.18,0.31,0,0,0,-0.15,0,0,0,0,0,0,0,0,0,0,0,0,0,0,0,0,-0.34,0,-0.12,-0.43,-0.47,-1.06,-1.22,-0.09,-0.09,0.03,-0.12,-0.69,-0.15,-0.03,-0.81,-1.51,-1.36,-1.22,-0.89,-0.71,-0.51,-0.27,0.13,0.02,-0.07,0
1.82,2.36,1.86,1.29,1.09,0.43,0.01,-1.22,-0.86,-0.96,-0.38,1.16,0.54,-0.38,-1.64,-1.36,-1.89,-1.4,-0.18,2.16,2.13,1.96,1.36,0.81,0.87,0.56,-0.25,0.1,0.8,0.63,-0.32,0.45,-0.14,-0.54,0.56,0.44,0.67,0.3,0.06,-0.01,0.65,0.06,0.58,0.7,-0.86,0.1,-0.29,-0.22,-0.67,-1.15,0.24,-0.12,-0.1,0,-1.06,-0.54,-0.42,-0.79,-0.43,0.37,0.1,-0.38,-0.17,-0.07,0.24,0.42,1.32,-0.03,0.3,0.71,0.76,0.42,-0.4,-0.6,-0.25,-0.34,0.35,0.46,0.04,-0.13
-1.36,-0.84,-0.74,-0.4,0,-0.2,-0.47,0.65,0.7,0.67,-0.43,-0.74,0.07,0.3,-0.6,-0.09,-0.54,-0.07,0.1,-0.47,-0.54,-0.36,-0.6,-0.2,-0.43,0.18,0.58,0.18,-0.23,0.2,0.81,-0.06,0.65,0.56,-1.03,-1.03,-0.3,-0.71,-1.15,-0.76,-0.17,-0.62,-0.29,-0.22,-0.2,-0.6,-0.67,-0.51,-0.38,-0.84,-0.69,-0.58,0.18,-1.43,-0.79,-0.47,-0.54,-0.62,-1.03,-0.79,-0.56,0.1,0.19,-0.14,0.19,0.72,0.16,0.41,-0.25,-0.71,-0.89,-0.18,-0.15,0.16,0.64,0.46,0.04,-0.17,-0.24,-0.11
-0.94,-1.22,-2,-1.51,0,-0.06,0.24,0.82,0.77,0.46,0.19,-0.86,-1.09,0.53,0.23,0.64,0.69,0.92,0.49,-1.29,-1.06,-1.43,-1.43,-1.09,-0.89,-0.94,-0.17,0.31,-0.67,-1.25,0.06,-0.34,-0.23,0.15,-0.29,-1.15,-1.18,-0.3,-0.22,0.07,0.28,-0.38,0.24,0.26,0.19,0.12,0,0.12,0.08,0.26,0.11,-0.17,0.2,0,0.23,-0.2,-0.27,-0.62,-0.49,-0.64,-0.43,0.49,0.4,0.14,-0.34,-0.34,-0.23,0.08,-0.09,-0.43,-0.79,-0.74,-0.79,-0.1,-0.14,0.24,-0.37,-1.09,-0.48,-0.15
0.23,0.58,0.34,0.57,0.4,0.37,0.12,-0.17,-0.07,-0.55,-0.09,0.59,0.77,0.26,-0.47,-0.17,-0.32,-0.51,-0.64,0.86,0.58,0.89,0.64,0.3,-0.04,0.1,-0.1,-0.12,0.11,-0.06,0.2,-0.03,0.24,-0.22,-0.15,-0.18,-0.34,-1.12,0.03,0.2,0.42,-0.4,0,0.33,-0.09,0.18,0.04,0.21,0.3,0.3,0.18,0,-0.29,-1.12,-1.09,-0.14,-0.3,-0.54,-0.25,0.08,-0.3,0,0.31,0.12,0.14,0.06,0.62,0.18,-0.03,-0.18,0.23,0.33,-0.03,0.16,0.25,0.4,0.1,0.44,0.21,-0.17
-1.09,-0.81,-1.36,-1.12,0,-0.27,-0.45,0.64,0.61,0.48,-0.04,-0.47,-0.36,0.37,0.98,-0.09,1.06,-0.34,0.2,-0.97,-0.81,-0.89,-0.76,-0.42,-0.42,-0.45,0.14,0.58,-0.6,-0.62,-0.4,-0.67,-0.47,-0.09,-0.42,-0.51,-0.81,0,-0.51,-0.15,0.01,-0.47,0.06,-0.03,0.29,0.1,0.1,-0.17,-0.04,0.08,0.03,-0.15,-0.23,0,0.23,0.2,-0.18,-0.07,-0.01,0.01,0.03,0.25,0.4,0.23,0.19,0.19,0.08,0.15,-0.45,-0.62,-0.81,-0.56,-0.45,-0.38,0.04,-0.03,0.05,-0.12,-0.21,0.01
-0.84,-0.15,0.19,0.28,0.48,0.29,0.48,-0.38,0.2,0.04,-0.32,0.1,1.04,0.29,-0.34,-0.97,-0.62,-0.76,-0.38,0.18,0.11,0.62,0.44,0.03,-0.36,-0.22,-0.34,-0.23,0.01,-0.4,0.01,-0.23,0.21,-0.15,0.29,-0.42,-0.27,0,-0.04,0.36,0.39,-0.51,0.41,0.41,-0.1,-0.2,-1.09,-0.29,0,-0.18,-0.07,-0.07,-0.6,-1.12,-0.76,-0.12,-0.15,-0.58,-0.4,-0.49,-0.74,0.07,0.43,0.58,0.03,0.12,0.12,0.11,0.11,0.4,0.4,0.41,0.1,0.33,0.54,0.19,0.11,0.15,-0.06,-0.19
-0.76,0.49,0.7,0.6,0.53,0.41,0.24,-0.15,-0.42,-0.59,-0.68,0.3,0.46,0.1,0.39,0.05,0.1,0.06,-0.15,0.42,0.67,0.84,1.16,0.93,0.28,0.77,0.24,-0.14,0.13,1.04,0.36,0.55,0.76,0.69,0.52,1.12,0.56,1.52,0.35,0.47,-0.04,0.08,-0.1,0.04,-0.26,0.01,-0.2,0.06,-0.3,-0.63,-0.56,0.45,-0.3,-0.31,-0.22,-0.31,-0.48,-0.25,-0.01,-0.43,-0.5,-0.3,-0.17,-0.03,0.26,-0.09,-0.26,-0.81,-0.23,0.36,1.01,1.1,1.29,0.7,0.58,0.27,0.02,-0.23,-0.01,-0.05
-1.12,-0.29,-0.04,-0.15,0.29,0.01,0.15,0.16,0.23,0.11,-0.12,0.33,0.57,0.2,-0.06,0.25,-0.47,1.01,0.21,-0.27,0.07,0.16,0.21,0.43,0.21,-0.01,0.41,0.03,0.12,0.04,0.34,0.36,-0.18,0.2,-0.23,-1.09,-1.03,-0.2,-0.51,-0.42,0.03,-0.34,0.21,0.12,-0.51,-0.32,-0.89,-0.49,-0.4,-0.62,0.08,0.26,-0.58,-0.92,-1.25,-0.18,-0.42,-0.54,-0.6,-0.45,-0.64,0.34,0.65,-0.01,-0.45,-0.34,-0.36,0.18,-0.23,-0.42,-0.27,-0.29,-0.18,-0.3,-0.74,-0.36,0.13,0.14,-0.16,-0.32
-2.56,-2.32,-2.25,-1.94,-1.47,-0.86,-0.86,1.03,1.18,1.06,-0.45,-2,-1,1.62,1.31,1.66,1.56,1.11,0.88,-2.84,-2.84,-2.64,-1.6,-1.03,-0.79,-0.76,-0.27,-0.04,-0.54,-0.67,-0.06,-0.69,-0.4,-0.06,-0.89,-1.64,-1.22,0,-0.58,-0.6,-0.15,-0.43,-0.18,-0.07,-0.09,-0.22,-0.3,-0.47,-0.12,-0.2,-0.36,0,-0.54,0.7,0.11,-0.3,-0.51,-0.71,-0.76,-1.43,-1.51,0.51,0.62,0.43,-0.32,-0.64,-1.43,-0.14,-0.56,-1.12,-1.47,-1.56,-1.22,-1.18,-0.67,-0.62,-0.43,-1.12,-0.4,-0.14
-0.69,-0.34,-0.22,-0.27,-0.27,-0.09,0.16,0.21,0.26,-0.35,0.11,0.33,0.75,0.18,-0.47,-0.51,0.07,-0.23,-0.49,0.03,-0.04,-0.01,-0.15,0.34,-0.12,-0.32,-0.36,-0.18,0,-0.32,-0.03,0,0.03,-0.25,-0.06,-0.42,-0.43,0.24,-0.06,-0.12,0.08,-0.47,0.06,0.19,-0.51,-0.23,-0.62,-0.2,-0.84,-0.4,-0.51,0.03,-1.15,-1.22,-0.89,-0.43,-1,-0.58,-0.56,-0.56,-0.89,0.11,0.28,0.43,-0.43,-0.18,-0.12,0.1,-0.12,0.1,0.26,0.37,-0.1,0.19,0.23,-0.07,0.23,0.49,0.12,-0.07
-0.81,-0.84,-1.12,-0.76,-0.89,-0.23,-0.06,0.64,0.49,0.16,-0.07,-0.71,-0.36,0.07,0.31,0.75,0.57,0.78,0.61,-0.89,-0.89,-1,-0.62,0.03,-0.23,-0.15,-0.15,-0.06,0.06,-0.22,0.12,-0.06,0.18,-0.09,0,2.29,0,0.96,0,0,0,0,0,0,0,0.33,0.31,0.23,0.28,0,0,4.25,0,1.06,0,0.79,0.78,0.82,0.7,0.43,0.85,0.41,0.6,0.29,0.07,-0.18,-0.74,-0.23,0.31,0.44,0,0,0.04,0,0.37,-0.04,0,-0.57,-0.32,0.1
-1.64,-2.56,-2,-1.79,-2.06,-0.71,-0.09,1.38,1.37,1.46,0.34,-1.47,-1.09,0.04,0.64,1.04,0.3,1.74,1.1,-3.06,-3.47,-3.06,-1.94,-0.51,-0.03,-0.42,-0.4,-0.01,0.29,-0.27,-0.15,0.12,0.15,-0.04,-0.2,-1.43,-1.03,-0.84,-0.69,-0.51,-0.18,-0.51,0.07,0.19,0.66,0.1,-0.29,0.26,0.08,-0.2,-0.3,-0.76,-0.79,1,0.87,0.84,0.14,0.39,-0.12,-0.6,-1.69,1.2,0.96,0.75,0.75,-0.71,-2.06,-0.07,0.38,0.55,-0.25,-0.84,-1,-0.64,-0.45,-0.38,-0.2,-1.38,-0.73,-0.05
0.97,1.23,0.81,0.9,1.3,0.26,0.16,-0.25,-0.17,-0.24,-0.58,0.38,0.65,0.4,0.12,0.07,-0.51,0.3,0.96,0.88,1.18,0.98,1,0.78,0.28,-0.07,-0.51,0.32,0.28,0.31,-0.22,0.24,0.39,-0.43,-0.43,-0.29,-0.3,-0.2,0.51,0.3,0.56,0.28,0.48,0.87,0.6,0.62,0.58,0.39,0.61,0.31,0.23,0.48,0.06,-0.07,-0.23,-0.27,-0.22,0,0.08,-0.17,-0.1,0.4,0.44,0.1,0.24,0.38,0.86,0.91,0.29,0.66,0.45,0.32,0.4,0.14,-0.14,-0.09,0.13,-0.37,-0.1,0.07
0,0.1,-0.64,-0.45,-0.01,0.03,-0.01,0.68,0.7,0.6,-0.15,-0.51,-0.54,0.04,-0.2,-0.07,-0.12,0.99,0.77,-0.64,-0.69,-0.79,-0.47,-0.29,0.1,-0.4,-0.47,-0.47,-0.2,-0.4,-0.64,-0.6,-0.62,-0.79,-0.17,-0.47,-0.74,0,-0.54,-0.84,-0.15,-0.45,-0.3,0.07,-0.34,-0.43,-0.3,-0.74,-0.29,-0.54,-0.62,-0.34,-0.49,-0.67,-0.32,-0.34,-0.51,0,-0.67,-0.81,-1.12,0.39,0.55,0.53,0.37,-0.32,-0.94,0.01,0.36,0.12,-0.17,-0.12,0.18,-0.23,-0.03,0.12,-0.06,-0.27,-0.29,0.12
0.61,0.48,0.04,0.06,0,-0.23,-0.07,-0.12,-0.45,-0.79,0.07,0.22,0.07,-0.02,-0.65,-0.69,-1.13,-1.06,-0.64,0.26,0,-0.18,-0.46,-0.15,0.34,0.52,0,-0.35,0.64,0.52,0.37,1.12,0.39,0.24,0.27,2.96,0.04,-0.86,0.26,0.38,-0.04,-0.14,0.21,-0.11,-0.04,0.29,-0.27,0.15,0.07,0.14,0.04,0.03,0.03,-2.84,-0.49,-0.19,-0.36,-0.39,-0.37,-0.29,-0.53,-0.84,-0.7,-0.23,0.35,0.3,0.2,-0.32,0.73,1.08,1.08,0.88,1.15,1.11,1.01,0.54,0.06,-0.19,-0.37,-0.12
-0.2,1.42,-0.57,-0.74,-0.51,-0.36,-0.56,0.17,-0.17,-0.05,0.16,-0.16,-0.12,0.04,-1.37,-1.04,0.24,-1.89,0.21,-0.22,-0.13,-0.84,-0.66,-0.41,-0.42,-0.78,2.24,-1.53,-0.23,1.45,0.05,0.82,-0.19,0.46,0.21,-0.07,0.48,-0.81,0.03,-0.1,-0.18,-0.16,0.17,-0.11,0,0.11,-0.1,-0.13,-0.05,0.02,0.15,0.12,-0.15,-2,-0.71,-1.18,-0.56,0,-0.3,-1.33,-0.42,-0.4,0.21,0.02,-0.14,-0.29,-0.29,-0.13,-0.04,-0.41,0.09,-0.18,-0.31,-0.33,-0.74,-0.55,-0.04,-0.15,-0.23,-0.01
-1.84,-1.79,-1.79,-1.64,0,0.2,-0.07,0.57,0.53,0.47,0.1,-0.94,-0.56,0.75,-0.89,0.07,0.64,1.06,0.62,-1.4,-1.03,-1.29,-1.25,-0.42,-0.45,-0.74,0.42,0.19,-0.92,-0.92,0.43,-0.47,-0.3,0.39,-0.47,-0.94,-0.4,-0.74,0.03,0,0.01,-0.22,0.15,0.07,-0.58,-0.43,-1.09,-0.67,0.01,-0.15,-0.56,-0.43,-0.29,-0.07,-0.3,-0.1,-0.79,-0.71,-0.56,-1.47,-1.4,0.58,0.54,0.11,-0.6,-0.25,-0.25,0.08,-0.29,-0.67,-0.79,-0.71,-0.3,-0.15,-0.64,-0.2,-0.16,-0.88,-0.56,-0.09
-0.23,-0.3,-0.51,0,-0.01,0.08,0.33,0.24,0.44,0.41,-0.29,-0.2,-0.38,-0.01,-0.17,0.16,0.14,0.5,-0.1,0.11,-0.17,-0.23,0.07,0.08,-0.1,-0.27,-0.14,-0.22,-0.04,-0.07,0.16,0.03,0.36,0.21,-0.06,0.3,0.23,0,0.04,0.06,0.28,-0.29,0.12,0.12,0.46,0.34,0.42,0.36,0.32,0.39,0.33,0.1,0.61,-0.71,-0.56,-0.4,-0.4,-0.32,-0.45,0,-0.36,0.43,0.57,0.49,-0.07,0.2,-0.18,-0.03,-0.09,0.16,0.07,-0.01,0.11,0.26,0.3,0.16,0.08,-0.27,0.24,0.2
0.55,0.51,0.12,0.74,0.34,0.21,0.1,0.11,-0.18,-0.29,-0.29,0.25,0.1,-0.03,0.2,-0.09,-0.15,0.29,-0.01,0.29,0.16,0.28,0.58,0.55,1.07,0.42,-0.18,-0.36,0.34,0.53,-0.17,0.23,0.34,-0.1,0.06,0.37,0.01,0.16,0.58,0.48,0.41,0,0.33,0.63,0.45,0.45,0.11,0.68,0.25,0.24,0.26,0.33,0.31,-0.51,-0.32,-0.18,0.15,-0.09,-0.14,0,0.15,0.16,0.19,0.07,0.34,0.34,0.21,0.28,0.11,0.7,0.96,0.72,0.77,0.69,0.48,0.2,-0.04,-0.18,0.11,-0.2
-5.06,-5.06,-4.06,-4.64,-2.4,-1.12,-0.94,1.08,1.52,1.26,0.07,-2.84,-1.32,0.28,1.66,1.9,1.67,1.13,1.06,-5.06,-3.64,-4.64,-4.32,-2.56,-1,-1.84,0.26,0.28,-0.81,-1.6,0.12,-0.43,-0.12,0.64,-2.12,-3.06,-3.32,-2.74,-1.22,-0.71,-0.2,-0.14,-0.2,-0.2,0,-0.69,-0.76,-0.79,-0.4,-0.06,-0.86,-1.22,-0.64,0.14,-0.49,-0.42,-2.25,-2,-2.64,-3.18,-3.84,1.24,1.26,0.28,-0.79,-1.89,-1.79,0.3,-0.43,-1.89,-2.64,-2.84,-1.6,-1.32,-0.67,-0.2,-0.75,-3.12,-1.24,-0.46
0.06,0.59,0.82,1.03,0.48,0.44,0.56,-0.07,0.38,-0.01,0.08,0.74,0.71,0.06,0.85,0.55,0.12,0.69,0.14,1.1,0.99,1.23,1.1,1.08,0.34,0.42,0.23,-0.15,0.53,0.55,0.42,0.43,0.82,0.52,-0.22,0.24,0.2,-0.17,0.31,0.33,0.23,0.07,0.11,0.11,0.03,0.15,0.21,0.31,0.28,-0.09,-0.4,-0.43,-0.79,0.15,-0.38,0.25,-0.03,0.59,0.38,0.62,-0.14,0.42,0.55,0.08,0.33,0.46,0.4,-0.22,0.51,0.97,1.12,1.07,0.76,1.04,1.21,0.55,0.23,0.09,0.57,-0.03
-3.84,-3.64,-3.64,-2.64,-0.49,-0.38,-1.09,0.51,0.73,0.64,-1.64,-3.32,-1.79,1.14,0.97,0.94,0.89,0.49,-0.89,-2.32,-1.09,-2.64,-2.64,-1.4,-1.18,-1.29,0.01,0.07,-1.47,-1.4,-0.62,-0.89,-1.47,-0.84,-2.32,0,-2.25,0,-0.25,0.4,0.4,-0.29,-0.86,-0.3,0.45,-0.49,-0.43,-0.14,0.15,0.4,-0.04,-0.12,0.12,-0.64,-0.47,0,-0.89,-0.89,-0.74,-1.18,-0.86,0.7,0.4,-0.15,-0.23,-0.2,-0.29,0.82,-0.92,-2.32,-2.74,-2.06,-1.79,-1.6,-1.47,0.21,-0.4,-1.58,-0.32,-0.36
0.97,1.65,1.6,1.29,0.96,0.59,0.59,-0.6,-0.15,-0.36,-0.3,1.08,0.48,0.06,-0.38,-0.34,-0.67,0.71,0.7,1.36,1.73,1.72,1.22,1.01,0.8,0.36,-0.49,0.03,0.72,0.5,-0.49,0.74,-0.25,-0.84,-0.71,-1.15,-0.49,0,0.03,-0.1,0.33,0.57,0.41,0.5,-0.25,0,-0.25,-0.22,-0.29,-0.14,-0.07,0.95,-0.32,-0.64,-1.15,-0.22,-0.97,-0.17,-0.06,0.3,0.03,0.1,0.21,-0.15,0.07,0.59,1.12,0.21,0.46,0.71,0.53,-0.03,0.06,-0.49,-0.32,-0.3,0.39,0.35,0.14,0
0.36,0.53,0.57,0.68,-0.07,-0.23,0.33,0,0.26,0.16,-0.06,0.37,0.08,-0.54,-0.56,-0.12,-0.3,0.3,0.33,0.88,0.77,0.83,0.95,0.68,0.3,0.32,-0.14,-0.22,0.53,0.38,0,0.07,0.03,-0.15,0.21,-0.27,0.2,-1.51,0.36,0.33,0.12,0.49,0.03,0.08,0.45,0.91,1.1,0.81,0.65,0.38,0.49,0.6,0.92,0,0.04,0,0.3,0.58,0.58,0.34,0.88,-0.42,-0.07,0.01,0.58,0.87,0.4,-0.38,0.21,0.96,0.94,0.9,0.75,0.66,0.58,0.19,0.19,0.77,0.8,0.33
-1.29,-1.52,-1.56,-1.15,-0.3,-0.57,-0.06,0.38,0.33,0.08,-0.76,-0.34,-0.96,0.02,0.23,0.02,0.07,0.02,0.31,-1.5,-1.27,-1.29,-0.91,-0.62,0.08,-0.28,-0.08,-0.33,-0.33,0.12,0.07,0.09,-0.4,0.15,-0.28,-0.47,-0.4,-0.06,-0.48,-0.45,-0.48,-0.15,-0.51,-0.32,-0.07,0.19,-0.26,-0.5,-0.35,-0.43,-0.21,-0.04,-0.1,0.14,-0.03,-0.2,-0.37,0,-0.14,-0.78,-0.71,0.31,0.07,0.29,-0.17,-0.41,-0.75,-0.51,-1,-0.66,-0.78,-1.06,-0.79,-0.74,-1.12,-0.37,-0.42,-0.84,-0.62,-0.38
-0.01,0.49,0.21,0.2,0.04,-0.42,-0.14,0.14,0.14,0.21,-0.14,0.34,-0.12,-0.23,0.37,0.64,-0.01,0.76,0.46,0.38,0.52,0.59,0.78,-0.06,0.38,0.24,-0.15,-0.1,0.19,0.16,-0.38,0,-0.03,-0.2,-0.54,0.34,0.67,0,0.44,0.16,0.01,0.26,0,-0.01,0.77,0.36,0.19,0.53,0.03,-0.06,0.18,-0.12,-0.04,-0.25,-0.06,0,-0.04,0,0.1,-0.2,0.06,0.21,0.06,0.19,0.37,0.24,0.06,-0.29,0.11,0.32,0.56,0.5,0.63,0.24,0.33,0.06,0.16,-0.05,0.56,0.07
-0.43,-0.29,-0.22,-0.1,-0.62,0,0.28,0.31,0.58,0.33,-0.01,0.14,-0.04,-0.01,0.2,0.39,-0.22,1.1,-0.01,0.3,-0.07,0.33,0.08,0.43,0.03,0.01,-0.04,0.14,0.31,0,-0.03,-0.01,0.2,0.21,-0.01,-0.27,-1.47,-0.49,-0.09,-0.51,0.11,0.16,-0.1,-0.1,0.63,0.11,-0.23,0.45,0.14,-0.12,-0.12,-0.22,-1.09,-0.51,0.18,0.01,-0.43,0.45,0.86,0.39,0.15,0.32,0.26,0.42,0.18,0.25,0.11,-0.29,0.3,0.65,0.39,0.34,0.39,0.25,0.32,0.1,-0.01,-0.08,-0.07,-0.05
-1.15,-0.58,-0.32,-0.18,-0.38,-0.22,-0.1,0,0.36,0.12,0.15,-0.06,-0.03,0.04,0.74,0.14,0,0.41,0.11,-0.36,-0.27,-0.06,-0.17,0.1,0.12,0.36,-0.01,0.01,-0.1,0.36,0.68,1.04,0.67,1,-0.43,-1.18,-0.79,-0.86,-0.54,-0.58,-0.29,0.26,-0.27,-0.09,-0.62,-0.34,-0.56,-0.67,-0.51,-0.54,-0.67,-1,-0.64,0.39,0.23,0.04,0.01,0.37,0.32,0.45,0.03,-0.2,-0.06,-0.1,-0.01,0.12,-0.14,-0.2,-0.58,-0.69,-0.64,-0.64,-0.1,-0.27,-0.54,-0.27,-0.34,-0.94,-0.32,-0.34
-0.52,-0.3,-0.27,-0.21,-0.64,-0.09,0.42,0.41,-0.14,-0.54,0.09,-0.14,0.14,0.38,-1.43,-0.3,0,-0.34,0.12,-0.19,-0.17,0.12,0.13,-0.32,0.16,0.07,1.7,-0.37,-0.05,0.2,0.01,0.24,-0.56,0.08,0.1,-0.11,0.15,-0.1,-0.2,-0.09,-0.39,-0.1,-0.03,-0.22,-0.38,-0.1,-0.38,-0.49,-0.32,-0.34,-0.34,-0.19,-0.6,-0.38,0,-0.57,-0.58,-0.4,-0.65,-0.99,-0.93,-0.81,-0.74,0.14,-0.33,-0.4,-0.37,-0.02,-0.17,0.27,0.45,0.26,0.28,0.04,-0.3,0.06,-0.06,-0.12,-0.26,-0.02
2.92,3.57,3.76,3.74,2.15,1.27,1.5,-2.25,-2,-1.89,-0.69,1.32,1.16,-0.97,-1.36,-1.15,-1.79,-1.22,-1.43,4.93,4.34,4.43,3.76,2.56,1.22,1.54,0.54,0.43,1.35,1.38,0.39,0.7,0.24,-0.69,3.4,2.81,3.79,3.33,3.52,3.03,2.34,2.64,2.84,3.11,1.36,3.6,3.72,4.08,3.46,2.88,3.57,3.16,2.25,-0.74,0,0,1.23,1.1,0.63,1.57,1.86,-1.4,-1.47,-0.49,1.01,0.64,1.84,0.73,1.99,3.44,3.64,3.46,3.39,2.79,2.39,1.4,0,2.42,2.6,0.91
-2.47,-2.18,-2.12,-1.4,-1.09,-0.58,-0.4,0.72,1.08,1.05,-0.15,-1.84,-0.71,1.59,0.46,0.83,0.67,0.32,0.44,-2.12,-1.69,-2,-1.4,-0.36,-0.76,-0.84,0.26,0.25,-0.6,-0.76,-0.09,-0.79,-0.04,0.61,-0.69,-1.43,-1.18,-0.58,-0.89,-0.51,-0.23,-0.45,-0.42,-0.36,0.07,-0.51,-0.04,-0.01,0.14,-0.18,-0.43,-0.84,-0.45,-0.54,-0.67,-0.58,-0.74,-1,-1.09,-1.4,-1.15,0.56,0.73,0.61,-0.12,-0.51,-0.97,0.11,-0.34,-0.58,-1.51,-1.51,-1.06,-0.81,-0.38,-0.42,0,-1.76,-0.17,-0.23
-1.12,-2,-2.18,-1.84,-1.74,-0.84,-0.42,1.25,1.44,1.39,0.52,-0.76,-1.12,0.06,0.42,1.04,0.45,1.57,1.46,-2.94,-3.47,-2.94,-1.74,-0.12,-0.04,-0.54,-0.38,0.26,0.11,-0.54,-0.38,-0.14,-0.06,-0.03,-0.92,-1.94,-1.4,1.4,-1.12,-0.89,-0.47,-0.58,-0.14,-0.01,0.75,-0.01,0.03,0,0.07,0.03,-0.01,-0.34,-0.4,0,0.1,0.48,0.28,0.07,-0.43,-0.92,-1.43,1.16,1.02,1.1,0.39,-0.56,-2.12,0.08,0.54,0.42,-0.51,-1.15,-1.18,-1.06,-0.71,-0.43,0,-1.11,-0.8,-0.11
2.93,4.28,3.84,3.67,2.16,1.53,1.41,-3.18,-2.56,-2.79,-1.25,1.52,1.18,-1.94,-1.29,-1,-0.81,-0.94,-0.36,5.44,5.06,5.11,4.15,2.19,0.49,1.6,1.14,0.58,0.7,1.4,0.9,0.79,1.93,0.3,0.03,-0.2,0.82,0.08,0.38,0.1,-0.36,-0.45,-0.32,0.07,-0.06,0,0.23,0.03,-0.54,-0.54,-0.12,0.08,-0.45,-0.58,-0.56,-0.06,-0.2,-0.43,-0.14,0.1,-0.25,-0.51,0.08,0.08,0.01,0.06,0.36,0.15,0.73,1.26,1.74,1.42,1.38,1.17,1.33,1.32,0.65,1.66,1.52,0.58
-1.74,-1.22,-1.51,-1.29,-0.81,-0.62,-0.6,-1.03,0.61,0.64,-0.4,0.95,0.2,-1.47,-0.14,0.42,0.71,0.28,0.76,-1.64,-2,-1.79,-1.43,-0.97,0.18,-0.23,0.11,0.2,-0.2,-0.18,-0.45,-0.18,-0.2,-0.17,-0.38,-1,-0.62,-0.71,-0.12,-0.47,-0.56,-0.47,-0.6,-0.32,0,-0.06,0.07,-0.1,-0.04,-0.22,-0.29,-0.71,-0.71,-0.3,0,0,-0.54,-0.71,-0.81,-1.6,-1.32,-1.29,-1.94,-1.12,-0.1,1.05,1.48,-0.03,-0.3,-1.06,-1.18,-1.36,-1.09,-0.94,-0.58,-0.43,0,-1,-0.62,-0.05
2.42,2.41,2.31,2.77,1.55,0.57,0.78,-0.4,-2.18,-1.89,-0.38,0.57,0.2,0.37,-1.25,-2.18,-2.12,-1.25,-1.18,3.64,2.72,3.22,2.61,1.89,1.13,1.23,-0.14,-0.42,1.3,1.15,-0.06,0.7,0.19,-0.29,1.03,0.01,1.1,1.36,1.58,0.89,0.28,0.29,0.18,0.45,-0.1,0.48,0.67,0.81,0.15,0.16,0.5,0.28,0.58,-0.79,0,0.31,1.14,1.4,1.64,2.51,3.6,-0.23,-0.2,-0.03,0.01,0.37,0.21,0.08,0.52,1.82,1.93,2.11,2.13,1.65,1.34,0.62,0,0,1.95,0.96
-1.4,-0.69,-0.56,-0.97,0.07,-0.15,0.26,0.17,0,-0.17,0.11,-0.56,-0.15,0.34,-0.27,0.1,-0.55,-0.59,-0.01,-0.23,-0.49,-0.38,-0.47,-0.17,-0.09,-0.11,0.59,-0.15,-0.48,0.51,0.02,1.35,-0.87,0.23,0.06,0.1,-0.27,-0.03,-0.22,-0.12,-0.36,-0.09,-0.19,-0.29,-0.21,-0.31,-0.11,-0.42,-0.28,-0.44,-0.2,-0.26,-0.37,0.08,0.31,0.45,-0.21,-0.69,-0.36,-0.05,-1.43,0.21,0.29,0.06,-0.47,-0.18,-0.33,-0.32,-0.41,-0.66,-0.49,-0.86,-0.47,-0.66,-0.71,-0.28,-0.1,-0.23,-0.3,-0.19
-1.74,-2.25,-2.56,-1.94,-0.89,-0.79,-0.84,-0.69,0.89,0.7,-0.27,0.82,-0.23,-0.62,-0.43,-0.1,-0.27,0.7,-0.76,-1.4,-1.32,-1.89,-1.47,-1.06,-0.45,-0.81,-0.09,0.28,-0.81,-0.97,-0.71,-1.03,-1.03,-0.38,-0.94,-0.86,-0.51,-0.43,-0.34,-0.4,-0.17,-0.25,-0.43,-0.29,-0.51,-1.18,-0.27,-0.92,-0.56,-0.62,-0.97,-1.4,-0.43,-0.79,-0.36,-0.3,-0.43,-1.15,-0.64,-0.76,-0.56,-0.62,0,-0.03,0,0,0,0,-0.15,-0.6,-0.81,-0.58,-0.38,-0.1,-0.06,0.2,0,0,-0.1,0.04
-0.18,-0.04,-0.25,0,-0.09,-0.6,-0.69,-0.62,-0.32,-0.31,0.1,1.11,-0.29,-0.84,0,-1.18,2.74,-0.09,0,0.77,0.9,0.18,-0.22,-0.29,-1.6,0.7,1.26,0.77,-0.18,-0.07,-0.58,3.25,-0.84,0.37,-0.47,-0.58,-0.22,0.34,0.07,-0.47,-0.23,0,-0.67,-0.29,-0.25,-0.01,0.15,0.1,-0.22,-0.04,-0.09,-0.6,0,0,-0.69,-0.29,-0.22,-0.97,-0.42,-0.71,-1,-0.74,0,0.07,0,0,0,0,-0.32,-0.36,-0.2,-0.18,-0.12,-0.42,-0.54,-0.4,0,1,0.03,0.08
-1.32,-2,-2.12,-2,-1.79,-0.74,-0.56,0.92,1.57,1.18,0.37,-1.03,-0.58,0.28,0.79,1.17,0.58,1.78,1.49,-3.47,-3.18,-2.94,-2.47,-0.2,0,-0.34,-0.15,0.49,-0.01,-0.45,-0.23,0.01,-0.14,-0.01,0.43,-1.03,-0.67,-1.15,-0.67,-0.49,-0.45,-0.56,-0.03,-0.42,0.32,0.2,-0.38,0,0,-0.04,-0.01,0,-0.3,0.81,0.32,0.84,0.38,0.01,-0.12,-0.79,-1.94,1.18,1.16,0.78,0.16,-0.89,-1.74,0.16,0.49,0.33,-0.27,-1,-1.15,-0.94,-0.62,-0.32,-0.28,-0.9,-0.56,-0.21
-0.2,-0.42,-1.15,0,0,-0.81,-0.69,0.69,-0.92,-0.81,0.02,-0.29,-0.32,-0.11,0.24,0.29,-0.64,-0.17,0.12,-0.66,-0.49,0.3,-0.49,-0.99,2.02,0.59,0.19,-0.44,-0.3,0.25,0.59,0.45,-0.12,-0.67,0.05,0.36,-0.15,-1.94,0.05,0.11,-0.32,-0.27,-0.25,-0.67,0.36,0.19,-0.09,0.2,0.07,0.12,0.23,0.13,0.38,0,-0.09,0.58,-0.25,-1.12,-1.86,-1.92,-1.89,-1.06,-0.25,-0.85,-1.91,0.05,1.39,0.4,-0.15,0.03,-0.36,-0.42,-0.09,-0.23,-0.27,-0.43,-0.07,-0.19,-0.29,-0.02
-0.81,-0.17,-0.3,-0.3,-0.36,-0.07,-0.03,-0.25,0.4,-0.59,-0.22,0.19,0.4,0.16,0.23,-0.03,-0.22,-0.42,-0.1,-0.49,-0.42,-0.32,-0.84,0,-0.14,0.04,-0.18,0.2,-0.18,-0.23,-0.06,-0.22,-0.29,-0.07,0.41,0.21,0.41,-1.69,0.26,0.24,-0.32,-0.25,-0.14,-0.38,-0.04,0.39,0.36,0,0,0.45,0.46,0,0.19,0.06,-0.29,-0.07,-0.34,-0.36,-0.38,-0.56,-1.47,0.14,0.4,0.39,0.03,0.15,0.1,0.33,0.1,0.18,0.23,0.08,0.23,0.18,0.23,0.15,-0.13,0.2,0.13,0.04
0.01,0.04,0.18,0.67,0.08,0.3,0.75,0.5,0.37,0.19,-0.56,-0.23,0.1,0.29,-0.06,-0.56,-0.29,-0.32,-0.17,-0.09,0.04,-0.1,0.32,0.85,-0.15,0.26,-0.1,-0.38,0.24,0.28,0.08,0.04,0.41,0.15,0.1,0.06,0.49,-0.15,0.63,0.31,-0.04,-0.1,0.16,-0.03,0.3,0.96,0.95,0.95,0.63,0.77,0.93,0.56,0.8,-0.43,-0.45,0.07,-0.06,0.03,0.23,-0.09,-0.32,0.29,0.6,0.86,0.01,-0.23,-0.32,-0.14,0.18,0.88,0.95,0.79,0.59,0.68,0.23,-0.1,-0.2,0,0.27,0.14
0.01,0.19,0.46,0.07,-0.22,0.04,0.2,0.15,0.63,0.39,0.01,0.2,0.08,-0.15,0.57,0.77,0.21,0.8,0.37,-0.4,0.25,0.03,-0.17,0.51,0.59,0.34,0.43,-0.06,0.48,0.7,0.63,0.86,0.36,0.51,-1.79,0.07,0.19,0.01,0,0,-0.09,0.04,-0.22,-0.4,0.15,-0.17,-0.62,0,0,0,-0.18,0,-0.3,-0.09,0,0.33,0.23,0.08,0.16,-0.03,-0.79,0.34,0.6,0.36,0.23,0.45,0.1,-0.4,0.18,0.42,0.52,0.28,0.31,0.28,0.33,0.06,0.16,0.06,0.08,0.17
-0.45,-1.47,-1.79,-1.4,-1.84,-0.74,-0.43,0.68,1.06,1.01,0.2,-0.71,-1.15,-0.34,0.64,1.23,1.25,1.63,1.46,-2.94,-2.74,-2.74,-1.94,-0.4,0,-0.29,-0.22,0.23,0.25,-0.22,-0.03,0.42,0.16,0.1,-0.4,-1.6,-1.18,-1.4,-0.62,-0.29,-0.89,-0.79,-0.4,-0.6,0.04,0.65,0.19,0.08,0.07,0.08,0.03,-0.79,0.15,0.63,0.19,-0.04,0.23,-0.03,0.07,-1,-2,0.86,1.06,1.06,0.25,-0.49,-1.84,0.1,0.49,0.53,-0.12,-0.76,-1.09,-0.71,-0.56,-0.27,-0.07,-0.76,-0.89,0.03
-0.56,-0.79,-0.51,-0.51,-1.03,-0.32,-0.07,0.24,0.63,0.28,0.16,0.14,0.48,-0.15,0.7,0.61,0.14,-0.54,0.1,-1.43,-0.6,-1.36,-1.15,-0.17,0.01,-0.07,0.33,-0.14,0.01,0.25,0.61,0.7,0.61,0.93,0.77,-0.76,-0.74,-1.22,-0.01,0.2,-0.25,-0.4,-0.3,-0.67,-0.14,-0.14,-0.81,0,0,0.07,0.2,0,-0.14,0.49,0.3,0.32,0.03,0.1,0.16,0.19,-0.4,-0.1,0.36,0.4,0.04,0.25,0.46,-0.3,-0.18,-0.06,-0.15,-0.22,0.23,0.38,0.88,0.26,0.06,-0.16,-0.09,-0.18
-0.04,-0.32,-0.45,0.18,-0.18,0.34,0.94,0.21,0.18,0.08,-0.12,-0.43,-0.17,0.66,-0.32,-0.49,-0.64,-0.97,-0.58,-0.07,-0.06,-0.12,-0.09,0.23,-0.1,0.15,-0.01,0.4,0.03,-0.07,-0.29,0.23,0.31,0.04,-0.36,0.04,0.61,0.46,0.46,0.46,0,-1.18,0,0,0,0.76,0.29,0.36,0.03,0.62,1.12,1.13,0.4,0,0,-0.67,-0.36,-0.64,0,-0.45,-0.81,0.4,0.11,0.23,-0.36,-0.25,0.34,0.97,-0.12,0.03,-0.04,-0.29,-0.09,-0.15,0.07,0.42,0.08,0.29,0.65,0.16
0.23,0.63,0.48,-0.17,-0.15,-0.12,-0.12,0.12,0.15,0.07,-0.27,0.58,0.65,0.37,0.21,0.44,-0.34,0.8,-0.06,-0.27,0.58,0.67,0.38,0.69,0.69,0.44,-0.01,0.51,0.37,0.6,-0.23,0.77,0.01,-0.27,0.37,0.31,0.79,0.28,0.67,0.68,0.11,0.44,0.28,0.03,-0.12,0.55,0.29,0.19,0.19,0.23,0.65,0.73,0.34,0.36,0.21,0.31,0.23,0.5,1.08,0.8,0.81,0,0.23,0.12,0.16,0.72,1.19,1.04,0.41,0.78,0.63,0.31,0.25,-0.12,-0.17,-0.12,0.16,0.05,0.24,0.48
-0.71,-0.25,-0.07,-0.49,-0.64,-0.14,0.1,-0.01,-0.03,-0.27,0.16,0.28,0.03,-0.18,0.3,0.28,0.78,-0.56,-0.34,-0.23,0.28,0.25,0.2,-0.04,-0.07,-0.3,0.01,-0.01,-0.06,0.16,-0.15,0.16,-0.23,0.23,0.44,0.12,0.49,-0.58,0.29,0.06,-0.54,-0.29,-0.4,-0.51,0.59,1.23,0.96,0.71,0.77,1.11,1.08,1.12,0.25,0,-0.12,0.01,-0.1,0.03,0.34,-0.89,-1.06,-0.1,0.41,0.23,0.06,0.45,0.21,-0.18,-0.3,-0.3,-0.15,-0.15,-0.22,-0.4,-0.4,-0.43,-0.06,0.54,0.18,0.08
-0.86,-0.06,0.07,-0.2,-0.27,0.07,0.06,-0.36,-0.17,-0.19,0.11,0.1,0.07,-0.25,0.69,0.03,1.13,-1.32,0.25,-0.1,0.12,0,0.07,-0.12,0.82,0.38,0.7,0.16,-0.1,0.9,0.14,0.63,-0.22,0.82,0.25,-0.42,0.77,-1.06,0.15,-0.03,-0.51,-0.23,-0.45,-0.58,0.08,0.77,0.36,0.16,-0.01,0.33,0.82,0.84,-0.07,0,-0.12,0.03,-0.36,-0.12,-0.01,0,-1.22,-0.34,0.45,0.2,-0.09,0.01,-0.04,-0.36,-0.09,-0.22,-0.22,-0.15,-0.15,-0.1,-0.38,-0.29,-0.1,-0.18,-0.32,-0.14
1.75,2.17,2.5,2.12,1.66,1.45,1.19,-1.06,-1.56,-1.09,-0.62,0.75,0.38,-0.25,-0.94,-1.36,-1.32,-0.94,-0.92,2.64,2.1,1.96,2.08,1.45,1.71,1.86,0.84,0.39,-0.01,1.7,0.58,0.88,0.44,0.45,0.18,0.75,1.14,4.78,0.91,0.69,0.67,0.32,0.58,0.6,0.03,0.59,0.34,0.77,0.21,0.43,0.65,0.51,-0.22,-0.23,0,-0.07,-0.09,-0.25,-0.27,-1.22,-0.42,-0.42,-0.4,-0.51,1.35,0.26,0.62,-0.17,0.66,1.44,1.77,1.95,2.14,1.37,0.6,0.51,0.15,0.58,0.79,0.18
-1.22,-1.09,-0.62,-1.09,-0.97,-0.42,-0.25,0.4,0.82,-0.54,0.06,0.06,0.3,0.55,0.29,-0.74,0.11,0.34,0.42,-0.74,-0.23,-0.51,-0.47,-0.29,-0.56,-0.45,-0.32,-0.12,-0.06,-0.34,0.03,0.24,0.58,0.3,-0.49,0.45,-0.81,-0.94,0.31,-0.09,0.07,-0.43,0.16,0.12,-0.34,-0.27,-0.62,0.23,-0.12,-0.4,-0.25,0.23,-0.74,-0.32,0.16,0.41,0.01,0.1,0.16,0.36,-0.38,0.24,0.51,0.75,0.75,0.25,0.31,-0.27,-0.15,-0.17,0.04,-0.15,-0.18,0.11,0.36,0.3,0.11,0.37,0.3,-0.2
0,0,0,0,0,0,0,0.52,0,-0.66,0.41,1.14,-0.17,-0.32,0,0,1,1.12,-1.84,-0.58,-0.32,-1.6,0.26,-2.84,0,0,0,0,0,1.32,0,1,0,0,0,1.24,-1.22,1.22,0,0,0.51,0,0,0,1.49,-0.64,0.3,-1.64,0,0.44,0.4,0,0,-1.6,0.61,0.28,0,-1,0.88,-2.56,0.72,0,-1,0,0,-1.6,-0.42,0,0.31,-2.12,0.19,-1,-1.89,0.39,-1,0,0,0.7,-0.13,-0.38
1.91,3.07,2.99,2.65,2.29,1.17,1.14,-1.47,-1.22,-1.89,-0.12,1.48,1.12,0.21,-0.23,-0.47,-1.12,-1.09,-0.94,2.58,2.09,2.78,2.67,1.77,0.24,0.87,0.06,0.32,0.6,0.82,0.42,0.52,0.72,0.12,0.34,1.97,1.81,1.17,0.68,1.69,1.3,0.34,0.99,1.29,-0.09,0.41,0.28,0.85,0.3,0.03,0.11,0.3,0.26,-1.03,-0.54,0.25,0.1,-0.43,0.26,-0.06,0.21,-1.51,-1.03,-0.97,-0.47,0.46,2.48,-0.36,0.32,0.92,1.61,2.1,1.64,1.64,2.05,0.79,0.35,1.33,1.49,0.74
0.38,-0.69,-1.36,-1.43,-2,0.4,0.28,0.55,0.49,0.72,-0.12,-0.03,-1.84,0.06,-0.17,-0.25,-0.56,0.92,1.09,-0.3,-0.69,-0.81,-1,-0.47,-0.15,-0.54,-0.3,-0.17,0.21,-0.47,-0.71,0.32,-0.54,-0.18,-0.97,-1.09,-1.32,-1.32,-0.06,-0.06,-0.09,-0.64,0.04,0.5,0.55,0.1,-0.18,-0.64,-0.25,0.48,0.33,-0.1,0.66,0.69,-0.09,0.06,0.45,0.21,-0.25,-1.22,-1.22,1.07,0.79,0.93,0.25,-0.86,-1.29,-0.3,0.6,0.86,0.3,-0.27,-0.34,-0.15,0.15,0.34,-0.64,-0.5,-0.92,-0.93
-0.17,-0.89,-0.43,-1.36,0,0.49,0.54,0.88,0.89,0.83,0.04,0.37,-1.22,0.44,0.19,0.2,-0.51,0.8,1.14,-0.4,-0.07,-0.3,-0.69,-0.45,-0.3,-0.6,-0.42,-0.03,0.1,-0.64,-0.69,0.06,-0.67,-0.17,-1.36,-1.4,-1.29,-1.32,-0.47,-0.23,-0.07,-0.89,0,0.23,0.29,0.19,-0.23,-0.34,-0.34,0.57,0.28,0.11,0.33,0.08,-0.67,0.06,-0.6,-0.49,-0.86,-1.43,-1.6,1.05,1.08,0.62,0.41,-0.51,-1.15,0.25,0.53,0.6,0.23,-0.45,-0.49,-0.34,0.28,0.26,-0.6,-0.4,-0.73,-0.88
-0.79,-0.23,-0.86,-0.64,0.04,-0.1,-0.43,0.43,0.3,0.14,-0.18,-0.58,0,0.39,-0.12,0.34,-0.2,0.88,0.52,-0.43,-0.25,-0.42,-0.14,-0.09,-0.01,0.04,0.14,0.15,-0.49,-0.09,-0.22,-0.38,-0.47,-0.25,0.07,-0.29,-0.42,-1.25,0.01,-0.07,-0.03,-0.34,-0.14,0.08,-0.04,-0.32,-0.45,-0.62,-0.18,-0.45,-0.64,-0.07,-0.27,-0.29,-0.49,-0.42,-0.47,-0.32,-0.04,-0.56,-0.45,0.37,0.37,0.39,-0.2,0.07,-0.25,-0.12,0.03,-0.2,-0.07,-0.01,0.16,0.08,0.06,-0.01,-0.32,-0.66,-0.16,0.11
0,1.74,1.26,1.74,0.96,0,0,-1.25,-0.71,-0.95,0.32,1.12,0.69,-0.45,-2.12,-1.03,-1.09,-1.94,-1.09,1.3,0,1.01,0.74,0.68,0.38,0,-0.27,-0.4,-0.22,0.36,-0.56,0.03,-0.07,-0.76,-0.22,1.1,0.72,0.99,1.2,0.62,0.7,0.45,0.55,0.25,-0.43,0.33,0.49,0.2,0.34,0.36,-0.06,-0.4,0.36,-1.36,-0.86,-0.14,0,0,-0.45,-0.3,-0.58,-2.84,-0.3,-0.34,-0.27,0.08,0.16,-0.36,0.03,0.03,0.19,0.59,-1.12,-0.18,-0.1,-0.27,0.33,1.81,0.75,0.17
0.11,0.5,0.38,0.24,0,-0.45,0.19,-0.34,-0.6,-0.63,-0.25,0.57,0.59,0,0,-1.06,-1.09,-1.32,-0.58,0.78,0.5,0.32,0.4,-0.06,-0.58,0.64,1.12,0.83,-0.62,-0.4,-0.14,0.61,-1.89,0.57,1.69,0,0.41,0.19,-0.6,0.01,0,0.31,-0.07,0.03,-0.4,-0.17,-0.4,-0.2,-0.29,0.03,-0.2,0.06,0.43,-0.74,-0.06,0,-0.6,-0.49,-0.51,-0.74,-0.38,-0.51,-0.17,-0.49,-0.12,0.01,0.21,-0.15,-0.27,-0.18,-0.12,0.1,-0.09,-0.27,-0.2,0,-0.1,0.34,0.22,-0.11
-0.29,0.01,-0.07,0.01,0.04,0.03,-0.25,-0.43,-0.12,-0.12,0.14,0.01,0.58,0.16,-0.36,-0.04,1.03,1.81,0,0.03,-0.47,0.08,-0.04,0,0.34,0.36,-0.27,0.07,0,-0.34,-0.51,-0.42,-0.56,-0.49,0,0,0,-0.6,0,0,0,-0.58,0,0,0,0,0,0,0,0,0,-0.49,0,-1.06,-0.27,-0.32,0,0,-0.62,-0.17,-0.89,0.65,-0.03,0.16,-0.23,-0.12,1.06,-0.25,-0.15,-0.2,-0.29,-0.34,-0.94,-0.76,-0.64,-0.3,0.23,0.37,-0.1,0.02
-2.25,-1.89,-1.89,-0.89,0.58,-0.03,-0.29,0.25,0.24,0.26,-0.86,-2.18,-0.49,1.53,-0.29,0.31,0.82,0.25,0.06,-1.84,-1.56,-1.94,-1.03,-0.27,0.73,0.12,0.58,0.16,0.08,-1.36,-0.17,-0.07,-0.17,0.04,1.18,-0.49,-1.84,0,-0.03,0.21,0.58,0.45,-0.04,0.06,-0.22,-1.18,-0.45,-0.36,-0.1,0,0.96,-0.17,0.55,-0.71,-0.2,0,-0.43,-0.43,-0.79,-0.58,-0.38,0.07,0.38,-0.45,-0.09,-0.34,0.46,0.98,-0.6,-1.74,-1.79,-1.56,-1.36,-1.22,-1,0,0.74,0.15,-0.33,-0.25
-1.6,-0.47,-0.62,-0.42,0.3,-0.64,-0.49,-0.18,-0.04,-0.02,-0.74,-0.76,-0.03,0.12,0,-0.32,0.33,0.3,2.03,-0.38,-0.43,-0.32,-0.14,-0.67,0.59,0.43,0.74,0.44,-0.76,-0.74,-0.01,0.16,0.26,0.5,-0.49,-0.81,-0.71,0,-0.07,-0.03,-0.03,0.38,-0.07,0.15,-0.14,-0.4,-0.3,-0.4,-0.23,-0.47,-0.38,-0.64,-0.49,-0.43,0.21,0,-0.51,-0.3,-0.54,-0.45,-0.17,-0.29,-0.42,-0.4,-0.1,0.5,0.18,0.42,-0.47,-0.84,-0.79,-0.47,-0.07,-0.04,0.26,-0.06,-0.3,-0.41,-0.24,-0.02
1.18,2.13,2.52,2.42,1.64,1.04,1,-1.03,-0.74,-0.83,-0.4,1.23,0.96,-0.14,-0.76,-1.12,-1.6,-1.4,-0.97,2.94,2.63,2.66,2.17,1.73,0.74,0,0.52,-0.07,0.93,1.19,0.77,1,1.23,0.41,0.11,1.09,1.4,0,0.96,0.59,0.45,0.52,0.33,0.45,-0.03,0.74,1.14,0.77,0.71,0.55,0.48,0.82,0.31,-0.07,-0.29,0.04,-0.23,0.11,0,0.44,0.03,-0.22,0.26,0.15,0.39,0.63,0.86,0.01,0.61,1.21,1.52,1.62,1.24,1.32,0.95,0.29,0.29,0.37,0.93,0.83
-0.79,-0.1,-0.23,-0.25,-0.14,-0.38,-0.22,0.1,0.43,0.4,-0.79,-0.25,0.3,0.15,0.16,0.36,-0.67,0.21,0.28,-0.58,-0.4,-0.17,0,-0.03,0.41,-0.01,0.62,0.91,-0.22,0.23,0,0.25,-0.84,0.21,-0.43,-0.92,-0.3,0,-0.29,-0.04,-0.12,0.25,-0.22,0.03,-0.14,-0.12,0.04,-0.18,-0.67,-0.2,-0.56,-0.23,0.16,0.11,0.32,0,-0.45,0,-1.03,0,-1.6,0.58,0.46,0.21,-0.25,-0.43,-0.89,0.65,-0.25,-0.17,-0.03,0.26,0.42,0.29,-0.09,0.15,-0.19,-0.24,0.21,-0.01
-0.84,-1.25,-2.18,-1.89,-0.92,-0.94,-1.06,0.84,1.2,1.09,0.5,-0.79,-0.81,0.24,0.38,0.72,0.38,1.69,1.32,-2.12,-2.56,-2.4,-1.6,-0.89,-0.03,-0.45,-0.38,0.49,-0.27,-1.03,-0.58,-0.51,-0.34,-0.58,-0.69,-0.92,-1.12,-0.97,-0.86,-0.76,-0.62,-0.04,0,-0.1,0,-1,-0.89,-1.12,-0.43,-1.25,-1.09,-1.4,-0.84,0.38,0.1,0.12,0.14,-0.14,-0.1,-0.86,-0.89,0.99,1.04,0.59,0.33,-0.58,-0.84,0.36,0.3,0.23,-0.69,-1.18,-1.03,-0.71,-0.47,-0.51,-0.28,-1.18,-0.94,-0.19
-4.32,-3.32,-3.06,-2.74,-2.32,-1.64,-1.15,1.26,1.65,1.56,-1.56,-2.06,-1.09,-0.04,2.09,2.09,1.45,1.3,1.07,-3.64,-3.32,-3.18,-2.4,-1,-1.69,-0.74,0.04,0.21,-1.32,-0.49,0.16,-0.01,0.87,0.7,-2.12,0,-1.94,0,-0.58,-0.25,-0.09,0.19,0,-0.04,0.01,-0.12,0.2,-0.3,0.14,-0.43,-0.62,-0.42,-0.15,0.8,0.3,-0.03,-0.94,-0.86,-1.03,-1.79,-1.64,0.76,0.7,0.31,-0.07,-0.76,-0.84,0.49,-0.58,-1.09,-1.74,-1.32,-0.97,-0.74,0.08,-0.45,-1.04,-1.74,-0.46,-0.35
0.99,1.03,0.96,1.23,0.77,0.33,0.26,-0.38,-0.17,-0.27,-0.34,0.57,0.28,-0.06,-0.47,0.19,-0.07,0.77,-0.15,1.63,1.26,1.18,1.06,0.86,0.43,0.5,0.1,-0.18,0.52,0.5,0.39,0.19,0.45,-0.04,0.3,0.56,0.85,4.58,0.68,0.75,0.15,0.24,1.22,0.15,-0.12,-0.29,-0.34,-0.18,-0.14,-0.62,-0.34,-0.49,-0.09,0.06,-0.12,0.14,0.45,0.16,0.16,0.23,0.46,-0.14,-1.36,0.15,0.7,0.7,0.6,0.03,0.32,0.89,0.94,0.61,0.85,0.6,0.48,0.3,0.15,0.05,0.31,-0.06
0.2,0.9,0.58,0.24,0.03,-0.14,0.07,0.11,0.24,0.13,0.07,0.62,0.67,0.16,0.14,0.43,-0.36,0.82,0.3,0.85,0.96,0.96,0.68,0.81,0.15,0.23,0.23,0.63,0,-0.04,-0.3,-0.03,-0.09,-0.49,-0.06,-4.64,0,0,0.06,-0.14,0.15,0.42,0.03,0.2,0.19,-0.04,-0.25,0.57,-0.01,-0.43,-0.3,-0.01,0.03,-0.92,-0.27,0.14,-0.15,0.41,0.57,0.12,-0.06,-0.18,-0.03,-0.04,0.26,0.8,0.92,0.39,0.33,0.4,0.25,0.46,0.37,0.3,0.51,0.26,-0.08,0,-0.04,0.19
-0.2,0.01,-0.27,-0.58,-0.11,-0.27,-0.32,-0.1,0.06,-0.42,0.34,0.66,0.09,-0.28,0.08,1.09,2.16,-2.29,-0.02,-0.47,-0.31,-0.46,-0.63,-0.34,0.34,0.18,0.3,0.33,-0.22,1.14,-0.15,-0.22,-1.33,-1.7,-0.13,-0.76,-0.49,-0.07,0.12,-0.45,-0.1,0.5,-0.2,-0.02,-0.27,-0.64,-0.34,-0.47,-0.15,-0.09,-0.07,0.15,-0.2,0,1.25,0,-2.84,-1.09,0.34,-1.44,-1.32,0,-0.28,-0.18,-0.24,-0.09,-0.12,0.22,0,-0.23,-0.05,0.01,-0.26,-0.2,-0.59,-0.08,0.14,-0.13,-0.18,-0.07
0.48,0.57,0.5,0.7,0.42,0.2,0.08,-0.17,0.07,0.03,-0.54,0.42,0.2,-0.03,0.23,-0.18,0.5,0.06,0.69,0.64,0.77,0.7,0.72,0.69,0.34,-0.12,-0.62,-0.32,0.49,0.29,-0.4,0.43,0.11,-0.47,-0.92,-0.32,0.08,1.66,0.55,0.19,0.19,0.31,2.32,0.25,0.11,0.49,0.57,0.31,0.39,0.61,0.61,0.41,0.93,-0.23,-0.27,-0.18,0.16,-0.07,0.2,0,0.53,0,-0.1,0.34,0.44,0.58,1.12,0,0.42,0.77,0.42,-0.15,-0.04,-0.25,0.07,0.06,-0.04,-0.04,0.43,0.23
0.79,0.14,-0.54,-0.36,-0.22,-0.84,-2.74,-0.3,-0.67,0.1,-0.49,0.37,0.03,0.19,-1.89,-0.54,-0.76,-1.47,-0.84,-0.14,-0.23,-0.47,-0.38,0.01,0,-0.1,1.36,-0.07,-0.15,0.69,0.18,-0.06,-0.22,-1.06,0,-0.86,0.04,1.42,0.62,0.21,0,0,0,0,0,0.14,0.33,0.32,-0.01,0.25,0.25,0,0,0.26,0.34,-0.06,0,-0.36,-0.32,-0.32,-0.2,-0.64,-0.29,0,0.23,0.18,0.77,0,-0.04,0.11,0.1,0.2,0,0.16,-0.09,-0.34,-0.12,0.07,0.09,-0.23
-1.25,-0.64,-0.62,-0.69,-0.29,-0.22,-0.29,0.36,0.48,0.49,-0.04,-0.14,-0.29,0.15,-1.29,0.1,0.42,0.67,0.56,0,-0.04,0.08,-0.12,0.18,0.39,-0.2,0.5,0.19,-0.15,-0.47,0.26,-0.06,-0.12,0.06,-0.18,-0.29,-0.18,0,-0.58,-0.12,-0.06,0.21,0.07,0.11,-0.54,-0.76,-0.36,-0.54,-0.76,-0.38,-0.54,-0.32,-0.54,-0.56,-1.25,-0.4,-0.09,-0.23,-0.18,0.18,0.14,0.68,0.57,0.25,0.26,0.07,0.33,0.11,0.03,0.03,-0.14,-0.27,-0.15,-0.18,0.04,0.04,0,-0.15,-0.17,-0.27
-0.51,-0.18,0,0.03,0,-0.38,0,0.23,-1.6,0.58,-0.43,-0.58,0,-0.4,0,-0.36,2.25,-1.18,-0.4,0,-0.86,-0.69,-0.36,-0.17,0,1,0.08,2.58,0.7,0.72,0.77,0.79,-2.64,-1.22,-0.27,2.15,0.33,0,0.57,0.53,0,0.16,-0.1,-0.17,-0.76,0.11,0.48,0.49,0.11,-0.34,0.52,-0.32,0.29,-0.2,0,0,0.7,-0.32,-1,0,0.62,-1.22,-1.15,0,-0.54,-0.12,-1.6,-0.1,0.16,-0.84,-0.45,0,-0.06,-0.22,-0.2,-1.6,0,0.15,0.12,0.14
-1,-1.54,-1.99,-2.15,-1.76,-1.15,-1.23,0.24,1.11,1.21,0.23,-0.77,-0.21,0.04,0.65,1.02,0.62,1.61,1.16,-2.73,-2.9,-2.6,-1.93,-0.7,0.09,-0.4,-0.23,0.44,0.03,-0.5,-0.31,-0.03,-0.15,-0.18,-0.49,-1.07,-1.14,-0.79,-0.83,-0.69,-0.56,-0.23,-0.25,-0.35,0.62,0.26,0.3,0,0.02,0.18,0.1,-0.05,-0.28,0.53,0.12,0.31,0.02,0.04,-0.63,-1.06,-1.46,0.98,0.97,0.58,0.49,-0.76,-1.86,0.15,0.43,0.14,-0.57,-1.15,-1.23,-1,-0.76,-0.44,-0.09,-0.8,-0.57,-0.09
-0.86,-0.56,-0.23,-0.29,-0.34,-0.15,-0.2,-0.15,0.14,0.14,-0.25,-0.04,-0.45,-0.06,-0.32,-0.12,0.42,-0.14,0.31,0.41,-0.06,-0.2,0,0.11,0.3,-0.06,0.12,-0.25,0.14,0.2,0.03,-0.36,-0.29,0.12,-0.49,-0.97,-0.67,0,-0.47,-0.49,-0.43,-0.4,-0.58,-0.29,-0.51,-0.27,-0.32,-0.23,-0.32,-0.69,-0.29,-0.67,-0.62,-0.27,-0.51,0,-0.49,-0.34,-0.47,-0.62,-1.18,0.07,-0.06,0.06,-0.18,-0.45,-0.58,-0.18,-0.49,-0.34,-0.23,-0.47,-0.15,-0.4,-0.89,-0.12,0,-0.27,-0.01,-0.26
-0.01,-0.34,0,-0.34,0,-0.47,-0.58,-1.64,-0.22,0,0.46,0.37,0.44,-0.25,1.65,-0.07,-0.42,-0.71,-0.67,-0.06,0.1,0.3,0.26,0,0.51,-0.6,-0.25,-0.45,0.48,0.1,-0.43,0.11,-0.6,-0.74,-0.42,1.33,0,0,0,0.34,0.28,0.18,0.03,0.08,-0.42,-0.12,0.26,0.21,0.29,-0.12,0.36,0.21,0.41,-1.79,-1.06,0,-0.47,-0.34,-0.62,-0.43,0.28,-1.09,-0.84,-1.03,-0.38,-0.27,0.48,0.06,0.5,1.17,0.36,1.34,0.7,0.58,0.77,0.32,0.45,1.97,1.04,0.34
-0.45,-0.2,-0.47,0,0.01,-0.14,0.01,0.18,0.14,-0.05,-0.38,0.24,-0.36,-0.06,0.16,1.02,1.4,0.18,0.12,0.41,-0.15,-0.18,-0.22,0.07,0.91,-0.1,0.82,-0.42,-0.1,0.36,0.63,-0.15,0.21,0.64,-0.42,-0.38,-0.09,0.28,0.01,-0.45,-0.29,0.11,-0.42,-0.18,-0.34,-0.25,-0.01,-0.06,-0.03,-0.25,-0.03,-0.4,-0.03,0,0.01,-0.07,0.06,-0.2,0,-0.47,0.04,0,-0.09,0.15,0,0.04,-0.49,-0.3,-0.51,-0.45,-0.6,-0.6,-0.32,-0.29,-0.29,-0.34,0,-1.32,0.12,-0.03
-0.57,0.01,0.14,0.14,-0.2,0.32,0.2,-0.16,-0.05,-0.19,-0.22,0.14,-0.02,0.11,0.29,-0.15,0.29,-0.47,-0.16,0.43,0.34,0.26,0.08,0.57,0.15,0.17,0.51,0.04,0.19,0.44,0.28,0.1,0.1,0.4,-0.06,-0.15,-0.36,0.24,-0.09,0.03,-0.12,0.03,-0.37,-0.39,-0.06,0.07,0.3,0.09,0.06,0.11,0.22,0.26,0.18,-0.14,-0.11,0.03,-0.21,-0.15,-0.16,-0.19,0.07,0.11,0.3,0.29,-0.91,0.39,0.17,-0.11,-0.08,-0.19,-0.23,-0.04,0.03,-0.06,0.05,0.1,-0.05,0.03,0.27,0.18
0.12,1.19,0.6,0.81,0.96,0.18,-0.09,0.68,-0.64,-0.79,-1.09,-1.51,-0.89,0.43,-6.64,-1.09,-1.12,-0.23,-0.12,1.78,1.24,1.53,1.38,0.57,4.22,1.27,0.63,-0.3,0.72,1.31,0.33,0.71,0.21,0.26,-0.07,-0.76,-0.4,0.63,-0.15,-0.15,-0.12,0.14,-0.49,-0.25,-0.47,-0.01,-0.1,-0.34,-0.38,-0.51,-0.14,-0.2,-0.09,0,-0.34,0,0,-0.27,-0.04,-0.45,-0.06,0,0.52,0.48,0.1,0,-0.76,0,-0.06,0.03,0.29,0.31,0.32,0.03,-0.4,0.03,0,0,0.16,0.02
-1.12,-0.89,-0.3,-0.36,-0.64,-0.04,0.07,0.15,0.37,0.43,0.38,-0.3,0,0.1,-0.04,-0.6,0.7,-0.3,-0.06,-0.42,-0.42,-0.49,0,0.07,0.04,-0.18,0.5,0.07,0.21,-0.01,0.14,-0.14,0.2,0.65,-0.76,-0.81,-0.54,-0.56,-0.71,-0.43,-0.56,-0.4,-0.56,-0.49,-0.12,-0.32,-0.15,-0.22,-0.36,-0.12,-0.01,0.01,-0.42,-0.51,-0.49,-0.06,-0.56,-0.64,-0.92,-1.09,-0.86,0.14,0.58,0.32,-0.29,-0.51,-0.81,-0.22,-0.15,-0.36,-0.49,-0.49,-0.32,-0.29,-0.49,-0.2,-0.2,0,-0.19,-0.16
-1.4,-2.12,-2,-1.25,-0.97,-0.51,-0.45,-0.17,1.18,0.84,-0.62,0.31,-0.2,0.11,-0.27,1.08,0.85,0.79,0.2,-1.51,-1.18,-1.79,-1.47,-0.76,-1,-0.94,0.11,-0.18,-0.79,-1.06,-0.09,-1.06,-0.17,0.46,-1.22,-1.03,-1.4,0,-0.49,-0.43,-0.29,-0.18,-0.54,-0.4,0.18,-0.29,-0.1,-0.25,0,-0.06,-0.15,-0.89,0.5,0,-0.43,0,-0.54,-1.25,-0.62,-0.89,-0.79,0,0,0,0,0,0,0,-0.23,-0.97,-1.36,-1.4,-0.86,-0.56,-0.1,-0.03,0,0,-0.27,0.1
0.39,0.44,0.71,0.89,0.15,0.73,1,-0.64,-0.38,-0.55,0.75,0.01,-0.09,-0.3,0.79,-0.36,-0.32,-0.12,-0.54,1.2,1.1,0.59,0,0.41,0,-0.32,-0.18,-0.38,0.14,-0.84,0.1,-0.47,-0.79,-0.27,0.28,0.56,0.85,0.86,0.6,0.43,0.08,-0.17,-0.34,-0.58,0.04,-0.06,-0.29,0,0.12,0.3,0.37,0,0.2,-0.01,0.42,0.84,0.75,0.93,1.32,1.55,1.04,-0.54,-0.4,0.19,-0.12,0.78,0.56,-0.04,0.42,0.14,0.46,0.1,0.38,0.34,-0.14,0.6,0.56,1.2,-0.04,-0.09
1.07,0.53,-0.14,-0.89,-0.38,-0.58,-0.67,0.28,0.41,0.3,0.38,0.84,-0.17,-1,0.74,1.42,0.62,1.35,-1.43,0.45,1.82,1.02,0.83,0.34,0,-0.29,-0.79,-0.36,0.01,-0.74,-0.89,-0.1,-0.6,-0.38,-0.3,-1.47,-1.06,-0.64,0,-0.03,-1.09,-0.18,-0.86,-0.54,-0.45,-0.81,-1.29,-0.62,-0.49,0.04,0.5,0.34,1,0,0,-0.76,-1.03,-1.43,-1.22,-1.29,-1.79,1.55,0.97,0.82,-0.69,-1.43,-1.94,-0.09,0.36,0.58,0.43,0.23,0.42,0.65,0.61,0.36,-0.17,-0.63,-0.96,-0.35
-0.01,0.85,0.91,0,-0.15,-0.17,-0.17,-0.42,0.03,-0.18,0.45,0.14,0.24,-0.58,0.34,0.74,0.07,0.1,0.53,0.23,1.07,0.85,0.28,0.53,0.84,0.28,0.62,0.81,0.29,0.64,0.21,0.2,-0.3,0.1,0.2,0.77,1.37,0.5,0.99,0.53,-0.1,0.04,-0.04,-0.25,0.94,0.59,0.46,0,0,0,0.24,0,0.03,0.08,-0.12,0.28,-0.47,-0.4,-0.14,-0.43,-1,0.43,0.44,0.67,0.2,0.15,-0.43,0.4,0.57,0.41,0.59,0.77,0.84,0.77,1.23,0.54,0.26,0.59,0.35,0.19
-1.94,-2,-2.06,-2.06,-0.94,-0.81,-0.43,0.73,0.96,0.78,-0.04,-1.18,-0.74,0.36,0.31,0.19,0.32,0.55,0.55,-2.64,-1.94,-1.79,-1.25,-1.03,-1.09,-1.09,-0.23,0.48,-1.32,-1.36,-0.47,-1.22,-0.62,-0.27,-0.43,-1.18,-0.58,-0.22,-0.43,-0.03,-0.42,-0.15,-0.09,-0.47,-4.64,-0.04,-0.42,-0.14,0.01,0.04,-0.07,0.12,0.39,0,0,-0.42,-0.64,-0.79,-0.51,-1.6,-1.74,0.74,0.88,0.83,-0.74,-0.86,-0.86,0.55,-0.42,-1.22,-1.94,-1.79,-1.47,-1.15,-0.56,-0.4,-0.26,-0.53,-0.51,-0.36
3.43,3.69,3.84,3.1,2.61,1.85,1.56,-4.32,-4.06,-3.85,-0.62,1.87,1.31,-2.47,-0.69,-0.89,-0.6,-2,-3.32,4.4,3.58,2.67,2.83,3.73,0,0,5.63,1.23,2.67,3.01,2.21,4.08,2.8,2,0.43,1.24,2.07,2.38,0,0,1.1,1.24,0.54,0.23,0.29,0.58,0.3,0,0,0.8,0.81,0,0.52,-0.86,-0.47,-0.14,-0.84,-0.62,-0.25,-0.27,-0.4,-1.12,-0.47,-0.71,-0.71,-0.3,1.66,1.42,0.54,2.63,4.14,2.9,3.04,2.88,2.79,1.71,0.17,0.73,0.69,0.74
-1.06,-0.92,-0.84,-0.43,0.08,0.69,0.43,0.04,0.15,-0.09,-0.42,-1,-0.54,0.39,-0.49,-0.2,0.2,-0.03,0.01,-1.18,-0.92,-0.58,-0.32,-0.29,-0.64,-0.54,0.16,-0.22,-0.81,-0.67,0.19,-0.17,-0.1,0.61,0,0.3,0.19,0.01,0.54,0.4,0,0,0,0,0,0.52,-0.01,0.07,0.25,0.72,0.59,0.77,0.28,0,0,-0.64,-0.3,-0.15,-0.06,-0.89,-0.97,-0.09,0.1,0.25,-0.38,0,0.16,-0.18,-0.74,-0.79,-0.58,-0.47,-0.18,0.03,-0.32,-0.06,-0.07,-0.24,-0.46,-0.07
-2.06,-1.6,-2.18,-0.56,-0.58,-0.58,-0.79,0.59,0.7,-0.2,-0.12,-0.97,-0.89,0.11,0.84,0.48,1.64,-1.03,0.74,-2.74,-2.4,-2,-1.15,-0.62,0.08,-0.38,0.07,-0.36,-0.6,0,-0.2,-0.01,-0.43,0.26,0,-1,-0.54,-1,-0.07,-0.43,-0.43,-0.07,-0.43,-0.62,-0.23,-0.12,-0.3,-0.43,-0.1,-0.1,-0.1,-0.07,-0.04,0,0,0,-0.27,-0.86,-0.97,-1.47,-2,0.11,0.31,0.55,-0.36,-0.76,1.35,-0.14,-0.49,-1.09,-1.15,-1.36,-1,-0.74,-0.6,-0.49,-0.35,-1.21,-0.5,-0.22
-0.2,0.4,0.57,0.19,0,0.19,0.2,0.14,0.15,0.14,-0.1,0.38,0.64,0.01,0.87,-0.4,0.67,-0.29,0.59,-0.3,0.51,0.51,0.57,0.38,0.44,0.48,0.51,0.11,0.12,0.71,0.23,0.54,0.08,0.25,0.34,0.36,0.98,0.2,0.55,0.26,-0.2,0,-0.32,-0.38,0.19,1.06,0.82,0.63,0.39,0.82,1.01,0.66,0.1,0.23,0.15,0.24,1.76,0.81,0.88,0.28,0.2,-0.23,0.5,0.32,0.51,0,0.42,-0.09,0.07,0.12,0.39,0.26,0.48,0.24,0.34,0.25,0.01,0.15,0.65,0.27
-0.14,0.07,-0.3,0.02,0.24,-0.01,-0.1,0.25,-0.16,-0.49,-0.03,-0.32,-0.17,0.09,0.21,0.17,0.24,0.1,0.14,-0.26,-0.16,-0.31,-0.28,-0.02,0.56,0.36,0.6,-0.21,0.16,0.79,0.67,0.78,-0.03,0.52,0.26,0.33,0.48,0.12,0.21,-0.72,-0.35,-0.03,-0.19,-0.49,-0.03,0.28,0.05,-0.29,-0.07,-0.04,-0.09,0.19,-0.22,-0.32,-0.32,-0.12,-0.18,-0.15,-0.19,-0.23,-0.9,0.05,0.1,-0.06,-0.28,-0.13,-0.42,-0.06,-0.19,-0.01,-0.02,-0.12,0.05,-0.05,-0.24,-0.22,-0.01,-0.02,0.06,-0.1
1.2,1.32,0.82,1.2,1.23,0.53,0.51,-0.17,-0.3,-0.86,-0.27,-0.25,-0.34,-0.01,-0.97,-0.97,-0.22,-0.03,-1.06,1.3,1.02,1.14,0.81,0.41,0.7,0.5,0.14,-0.15,0.61,0.88,0.66,0.57,0.38,0.7,4.25,-0.69,-0.3,-0.49,-0.17,-0.76,0,0,-0.18,0,0,0.28,0,0.03,0.07,0.1,0.08,-0.09,-0.04,0,-0.27,0,-0.07,0.06,0.23,-0.15,-0.43,0,0,0,0,0,0,0,0.32,0.58,1.12,0.86,1.07,0.72,-0.42,0.39,-0.24,-0.8,-0.94,-0.77
-1.29,-2.06,-1.64,-1.6,-1.64,-0.6,-0.01,0.9,1.37,1.11,0.14,-1.12,-0.79,0.18,0.58,1.32,0.37,1.95,1.06,-2.84,-3.06,-2.64,-1.74,-0.43,-0.1,-0.43,-0.23,0.04,0.23,-0.18,0.01,0.32,0.15,0.28,-0.01,-1.18,-0.81,-0.56,-0.4,-0.12,-0.51,-0.29,-0.2,-0.45,1.07,0.4,-0.17,0.5,0.3,-0.03,0.1,-0.2,-0.34,0.6,0.61,0.34,0.1,0.21,0.18,-1.29,-1.64,0.99,1.4,1.08,0.16,0,-1.89,-0.1,0.25,0.5,-0.23,-0.86,-0.94,-0.6,-0.42,-0.34,-0.09,-0.93,-0.6,-0.04
-2.32,-2.84,-3.18,-2.74,-1.29,-0.62,-0.54,0.68,0.93,0.38,-0.36,-1.51,-1.79,0.25,0.58,1.29,0.86,1.1,0.39,-4.06,-3.47,-3.47,-2.64,-1.64,-0.3,-1.06,-0.34,-0.09,-0.64,-0.62,-0.34,-0.29,-0.56,0.3,-0.3,-1.09,-1.12,-1.03,-0.27,-0.27,-0.6,-0.34,-0.47,-0.51,0,0.12,-0.47,-0.51,-0.32,-0.15,-0.22,-1,-0.36,0,-0.54,0,-0.76,-1.22,-1.29,-1.94,-1.84,0,0,0,0,0,0,0,-0.56,-1.03,-1.69,-2.12,-1.64,-1.12,-0.51,-0.03,-0.45,-1.63,-0.82,-0.29
0,-0.62,0.41,-0.64,-0.01,0.2,0.21,0.37,0.77,0.1,0.33,0.08,0.23,0.41,0,0.2,-0.49,0.2,0.61,-1.09,-0.6,-0.67,-0.69,-0.56,0.23,0.14,-0.34,0.21,0.21,0.36,-0.06,0.5,0.12,0,-0.38,-0.79,-0.43,1.6,0.07,0.25,-0.51,-0.4,-0.25,-0.45,0.44,-0.09,-0.42,-0.36,-0.1,-0.14,0.14,-0.1,-0.1,-0.32,-0.14,-0.15,-0.86,-0.67,-0.45,-0.84,-1.03,0.85,1.46,1.03,-0.3,0,-0.94,0.01,0.19,0.56,0.28,0.23,0.07,-0.12,-0.25,-0.22,0.03,-0.3,-0.39,-0.03
-0.62,-0.84,-0.67,-0.62,-0.76,-0.14,0.14,0.5,0.82,0.58,0.18,-0.34,-0.12,0.57,-0.22,-0.09,0.38,0.26,0.39,-1.32,-0.71,-0.79,-0.4,-0.07,-0.67,-0.49,-0.09,-0.09,-0.36,-0.36,-0.23,-0.22,-0.12,0.08,0,0.25,0.32,0.89,0.11,0.15,0,-0.18,0,0,0,0.28,0.14,0.03,0.16,0.51,0.45,0.1,0.23,-0.04,0.07,0.06,-0.18,-0.15,0.14,-0.42,-0.94,0.59,1.18,0.82,-0.01,-0.3,0.36,0.12,0,0.16,-0.09,-0.23,-0.23,-0.03,0.18,-0.07,-0.25,-0.34,-0.14,0.2
-1.56,-2.25,-3.06,-1.84,-0.71,-0.18,-0.92,0.7,0.96,0.26,-1.03,-0.81,-0.94,0.77,-0.74,0,0.82,0.86,1.14,-2.56,-2.12,-1.94,-1.79,-0.79,-0.25,-0.67,0.49,-0.12,-0.94,-1.09,0.39,-1.18,-0.71,0.6,0,0,0,0.51,0,-0.42,0,0,0,-0.29,0,0,0,0,0,3.32,0,0,0,0,-0.01,0,-0.47,-0.92,-0.86,-0.94,-1.74,0.23,0.65,0.51,-0.14,-0.6,-0.6,0.24,-0.09,-0.38,-0.71,-1.15,-0.25,0.12,-0.23,-0.12,-0.94,-1.1,-1.01,-0.25
0.39,1.13,-0.45,-0.56,-0.27,-0.29,-0.23,0.61,0.15,0.17,0.19,-0.32,-0.25,0.04,0.12,0.21,-0.38,0.58,0.18,-0.27,-0.47,-0.3,-0.32,-0.12,-0.1,-0.07,0.16,0.18,-0.38,-0.1,0.12,-0.3,0.15,0.42,0,-0.36,-0.07,0,-0.6,0.06,0,-1.94,0,0,0,0.21,0.01,0.44,0.1,-0.4,-0.32,-0.32,-0.34,0.28,0.31,-0.25,-0.17,0,-0.25,-0.97,-0.32,-0.12,0.12,-0.12,-0.43,-0.43,-0.4,-0.29,0.12,0.28,0.15,0.21,0.06,0.11,0.24,0.04,0.16,0.14,-0.42,-0.02
-1.64,-2.18,-2.12,-2,-1,-0.6,0.38,0,0.93,0.15,-2,0,0,0,0.01,-0.1,-0.17,0.66,0.23,-2.84,-2.4,-2.12,-1.6,-0.94,-0.51,-0.86,0,0.59,-0.51,-1,-0.29,-0.4,-0.12,0.21,0.03,-1.84,-1.51,-1.18,-1.4,-0.89,0,0,0,0,0,-0.23,-0.32,-0.17,0.25,-0.51,-0.74,-0.45,-0.45,-0.06,-0.27,-0.56,-1.64,-1.36,-1.18,-1.43,-1.43,0,0,0,0,0,0,0,-0.32,-1.03,-2.06,-2.06,-1.64,-1.29,-1.18,-1.43,-0.42,-1.43,-1.6,-0.91
-1.43,-1.64,-1.89,-1.74,-0.71,-0.18,0.34,0.91,0.86,0.68,0.11,-1.51,-1.43,0.64,0.4,0.21,-0.04,0.66,0.32,-2.64,-2.74,-2.12,-1.47,-0.84,-0.69,-1.09,-0.06,0.07,-0.84,-1.03,-0.25,-0.58,0,0.32,0,-2.94,-1.89,1.17,-1.43,-0.89,0,0,0,0,0,0.3,0.3,0.44,1.08,0.04,-0.34,0,0,0.04,-0.15,-0.58,-1.36,-1.43,-1.18,-2.18,-1.22,0.68,1.02,0.45,-1.4,-1.64,-1.29,0.85,-0.49,-1.29,-2.25,-2.18,-1.51,-0.69,-0.64,-1.36,-0.22,-1.19,-1.5,-0.62
0.18,2.98,-0.64,-0.34,-0.2,0.27,-0.27,0.21,-0.89,-0.2,-0.25,-0.13,-0.15,-0.36,-0.93,0.06,-0.16,-2.15,0.37,-0.26,0.31,-0.48,-1,-0.43,-0.51,-0.21,3.61,-0.06,-0.07,-0.08,0.53,0.23,-0.12,0.84,0.61,0.51,0.2,-0.32,-0.49,0.05,0.34,0.84,-0.4,-0.62,0.65,-0.03,0,-0.01,-0.09,-0.1,0.05,0.37,0,-0.32,0.38,-0.15,-0.17,-1.19,-0.3,0.08,-0.47,-0.29,-0.17,-0.44,-0.26,-0.13,-0.39,0.19,0.02,-0.03,0.3,0.13,-0.06,0.03,-0.04,-0.38,-0.04,-0.09,-0.19,-0.01
0.17,-0.09,-0.15,-0.43,0,-0.22,-0.67,-0.15,-0.08,-0.04,0.16,0.23,0.35,-0.13,-0.18,-0.21,0.17,-0.94,-0.38,-0.09,-0.18,-0.31,-0.32,-0.57,0.29,0.2,-0.49,0.05,0.34,0.63,0.51,1.13,0.24,0.63,0.03,0,0.08,-0.03,0.1,0.09,0.52,0.31,1,0.25,-0.1,-0.04,0.16,-0.3,-0.06,-0.17,0.12,0.44,0.24,-1.49,-0.49,-0.24,0,0,-0.67,-0.05,0.06,0.02,0.16,0.15,-0.19,0.05,0.2,-0.3,0.12,0.23,0.43,-0.04,-0.03,0.08,-0.62,0.12,0.03,0.14,-0.16,-0.12
0.25,0.3,-0.09,0.43,0.2,0.29,0.16,0.46,0.03,-0.03,-0.27,0.01,-0.04,-0.15,-0.49,-0.18,-0.69,0.1,-0.23,0.49,0.06,0.3,0.45,0.08,0.2,0.11,-0.12,-1.03,-0.06,0.03,0.24,0.12,0.06,-0.27,-0.17,-0.01,0,-0.74,0.26,0.01,0.16,-0.64,-0.18,0.23,0.14,-0.69,-0.6,-0.32,-0.4,-0.1,-0.15,-0.43,-0.23,-0.92,-0.67,-0.54,-0.54,-0.58,-0.58,-0.84,-0.22,0,0.08,-0.01,-0.3,-0.06,-0.17,-0.22,-0.27,-0.14,0,-0.06,0.04,0.07,-0.22,0.33,-0.07,-0.4,0.02,-0.07
-2.74,-1.29,-2.12,-2.4,0,-0.58,-0.38,1.07,1.28,0.93,0.54,-0.67,-0.62,0.4,0.74,0.86,-0.4,0.06,0.23,-1.89,-1.79,-2.32,-1.84,-1.09,-1.64,-1.06,-0.17,-0.14,-0.92,-0.92,0.39,-0.23,0.44,0.43,0.38,0.37,-0.74,-0.56,-0.4,-0.18,-0.25,-0.56,-0.1,-0.01,0.44,0.06,-0.09,-0.1,0.21,0.19,-0.45,-0.71,0.15,-0.94,-0.25,0.2,-0.86,-0.36,0.18,0.04,-1.29,0.59,0.91,0.67,-0.43,-0.3,-1.09,0.12,-0.58,-0.89,-1.47,-0.92,-0.84,-0.43,0.01,-0.15,-0.36,-1.72,-0.79,-0.25
-1.25,-1.4,-1.15,-1.12,0,-0.15,-0.25,1.1,1.01,0.88,0.15,-0.67,-0.07,0.63,0.48,0.89,0.48,1.23,0.76,-1.47,-1.51,-1.12,-0.84,-0.47,-0.22,-0.3,-0.14,0.37,-0.1,-0.67,-0.15,-0.06,0.44,0.24,-0.49,-0.49,-0.29,-0.4,-0.1,0,0.06,-0.76,0.12,0.3,0.67,0.46,0.2,0.43,0.66,0.59,0.37,0.19,-0.17,0.29,0.52,0.9,0.38,0.96,0.69,0.7,0.03,0.76,0.6,0.9,0.63,0.51,-0.29,0.29,0.36,0.66,0.58,0.59,0.81,0.85,0.97,0.64,-0.21,-1.04,-0.57,-0.33
-0.36,-0.01,-0.14,-0.34,0,-0.18,-0.27,0.41,0.24,0.15,-0.23,0.29,0.23,0.21,-0.15,-0.54,0.43,-0.2,0.3,-0.15,-0.07,0.03,0.08,0.64,-0.12,0.03,-0.03,0.26,-0.2,-0.14,-0.17,-0.3,-0.09,-0.1,0,-2.47,0,-0.25,0,0,0,0,0,0,0,0.63,0.74,0.53,0.58,0.4,0.04,0,0,-0.67,0.25,0.37,-0.36,0.08,0.07,-0.25,-0.38,0.15,0.26,0.16,0.32,0.55,0.19,0.26,-0.09,0.19,0.04,0.1,0.33,0.29,0.18,0.19,0.11,0.22,0.22,-0.1
-1,-0.17,0.28,-0.25,-0.27,0.14,0.15,-0.2,0,-0.2,0.2,0.44,-0.04,0,0.71,0.26,0.07,0.81,0.26,0.56,0.6,0.96,0.43,0.04,0.5,0.12,0.28,-0.04,0.11,0.18,-0.04,0.49,-0.3,0.29,-0.43,-0.17,-0.32,-0.4,-0.36,-0.32,-0.09,0.36,-0.04,0.16,-0.54,-0.36,-0.43,-0.4,-0.4,-0.4,-0.34,-0.12,-0.51,0.4,0.03,0.26,-0.03,0.21,0,0.28,0.08,0.12,-0.06,-0.17,-0.09,-0.29,-0.32,-0.23,-0.17,-0.04,0,-0.23,0.11,-0.25,-0.38,-0.2,0.17,0.02,-0.19,-0.06
0.77,1.59,1.67,1.1,0.89,0.82,0.56,-0.97,-0.89,-1,0.36,0.54,0.26,-0.15,0.83,0.18,-0.22,-0.79,-0.6,1.51,1.21,1.59,1.22,0.67,0.49,0.58,0.55,0.39,0.53,0.86,0.5,0.7,0.97,0.59,-0.07,0.52,0.88,0,1.1,0.48,0.44,0.79,0.49,0.65,0.12,0.5,0.54,0.51,0.3,0.03,-0.36,0.06,-1.18,0.25,-0.01,0.48,0.66,0.53,0.3,0.32,0.1,-0.81,-0.34,-0.25,0.11,0.03,0.39,-0.06,0,0.16,0.24,0.37,-0.03,0.18,0.58,-0.07,0.32,1,0.67,0.54
-1.12,-0.86,-1.18,-0.71,-0.23,-0.17,-0.18,0.08,0.04,0.14,-0.38,-0.81,-0.6,-0.04,-2.4,-0.4,0,-0.04,0.18,-1.25,-1.29,-1.25,-0.89,-1.47,0.12,-0.29,0.23,0.24,-0.64,-0.56,-0.22,-0.42,-0.71,-0.03,0.46,-0.25,0.18,1.81,0.49,0.69,0.4,1.04,0.3,0.32,-0.1,0.49,-0.07,-0.06,-0.2,-0.23,0.01,0.24,-0.45,-0.2,-0.17,0,-0.69,-0.69,-0.47,-1.29,-0.76,0.06,0.16,-0.06,-0.06,-0.14,-0.74,-0.04,-0.58,-1.15,-1.18,-1.03,-0.76,-0.89,-0.58,-0.42,-0.15,-0.41,-0.61,-0.06
2.05,4.15,3.27,3.98,2.03,-0.4,-0.3,-1.29,-1.79,-1.67,-1.22,1.1,0.71,-1.36,-1.43,-1.79,2.61,0.4,0.39,5.4,4.06,4.07,2.82,0.77,-0.15,0.99,1.58,0.12,1.69,3.48,1.6,-0.09,-0.3,-0.42,0,-0.25,0.2,-0.2,-0.3,0.03,1.32,0,0,1.32,0,-0.22,-0.43,-0.07,0.04,-0.01,-0.07,-0.18,-0.1,-0.71,-0.25,0,0.15,-0.81,-0.79,-1.4,-0.81,-0.81,-0.86,-0.86,-0.64,-0.43,1.03,0.39,-0.15,-0.06,0,0.7,0.89,0.39,0,-0.2,0.37,1.58,1.37,0.48
-0.27,-0.09,-0.09,-0.81,-0.69,-0.15,-0.06,0.97,1.2,0.48,0.62,0.6,-0.04,0.45,-0.03,0.5,0.19,1.65,1.14,-0.45,-0.14,-0.01,-0.09,0.03,0.14,0,-0.12,0.66,0.12,-0.23,-0.43,-0.01,0.16,-0.1,-0.29,-0.58,-0.92,-0.56,-1.12,-0.86,-0.25,0.08,-0.12,-0.04,-0.14,-0.43,-0.67,-0.67,-0.49,-0.6,-0.69,-0.47,-0.51,0.9,0.65,0.96,0.4,0.5,0.51,0.25,-0.4,1.01,0.91,0.59,0.91,0.19,-0.34,0.45,0.49,0.52,0.01,-0.3,-0.32,-0.17,0.21,0.24,0.16,-0.55,-0.88,-0.2
0.03,-0.06,0.2,0.48,-0.45,-0.18,0.66,0.42,0.11,-0.11,-0.01,-0.22,-0.43,-0.3,-0.29,-0.14,-0.14,0.1,-0.12,0.37,0,0.04,0.33,-0.15,0.12,-0.09,-0.03,-0.42,0.41,0.01,0.03,-0.14,0.01,0.04,0.21,0.7,0.39,1.08,-0.17,-0.07,0.07,0.21,-0.04,0.19,0.16,0.46,0.34,0.25,0.4,0.19,0.37,0.07,0.32,0.01,0.39,0,0.45,0.38,0.29,0.2,0.69,-0.45,0.04,-0.17,0.06,0.16,-0.09,0.01,-0.1,0.14,0,0.03,-0.1,0.21,-0.12,0.26,0.46,0.87,0.43,0.41
-0.97,-1.32,-1.79,-1.69,-1.22,-0.81,-0.27,0.7,0.8,0.79,-0.04,-0.92,-1.36,0.04,0.59,0.93,0.93,1.16,0.89,-2,-1.94,-1.79,-1.22,-0.97,-0.04,-0.54,-0.38,0.2,-0.06,-0.47,-0.34,-0.23,-0.27,-0.14,-0.84,-0.49,-0.79,0,-0.51,-0.45,0,0,-1.4,0,0,0.3,-0.03,-0.25,0.01,0.12,-0.01,-0.2,-0.03,0.67,0.26,0,0.18,0.33,-0.07,-0.69,-0.54,0.42,0.19,0.14,0.45,0,-0.92,-0.06,-0.09,-0.2,-0.81,-1.03,-0.74,-0.71,-0.49,-0.17,-0.23,-1.1,-0.7,-0.17
0.01,0.19,0.61,0.31,0.16,0.24,0.42,-0.36,-0.1,-0.55,-0.14,0.5,0.25,0.16,-0.17,-0.07,-0.4,-0.15,-0.15,0.49,0.2,0.46,0.58,1.22,-0.06,0.21,-0.22,-0.09,0.33,0.23,0,-0.07,0.34,0.03,0,0,0,0.99,0,0,1,0,0,0,0,0.08,0.42,0.28,1.06,0,0,0,0,0.93,0.94,0.95,0.65,0.88,0.91,0.64,0.57,0.14,0.15,0.15,-0.06,0.21,0.06,-0.4,0.23,0.82,0.83,0.57,0.38,0.36,0.1,-0.14,0.32,0.34,0.32,0.03
0.28,0.03,-0.08,-0.16,-0.12,-0.24,0.14,0.5,0.26,0.24,0.14,0.04,-0.29,-0.13,-0.25,-0.24,-0.12,0.09,-0.03,-0.05,0.02,-0.1,0.1,-0.19,0.07,-0.07,-0.36,-0.36,0.29,-0.09,-0.25,-0.13,-0.31,-0.33,0.03,0.39,0.03,0.49,-1.27,-0.66,0.03,-0.27,-0.09,0.03,-1.99,0.18,0.1,-0.16,-0.05,-0.03,0.21,0.47,-0.06,0.12,-0.03,0.25,0.22,0.37,0.32,0.16,0.57,-0.26,0.29,0.18,0.18,0.16,-0.21,-0.05,-0.23,0.02,0,0.03,0.05,-0.06,-0.27,0,0.09,0.41,0.09,-0.06
3.46,3.69,3.44,3.1,1.81,1.06,0.91,-2.18,-1.89,-1.84,-0.34,1.37,0.9,-1.03,-3.84,-2.06,-1.47,-0.47,-0.76,3.46,3.55,3.64,3.3,2.72,2.98,2.97,0.84,0.51,2.54,2.76,-0.43,1.44,0.9,-0.49,0,1.09,2.04,0,0.86,0.43,0,0,0,0,0,-0.01,0.07,-0.29,-0.22,-0.06,-0.22,0,0,0.2,-0.09,0,0.24,0.66,1.05,0.73,0.8,-1.12,-1.4,-0.71,0.67,1.34,1.25,-0.34,1.43,2.32,2.87,2.84,2.44,1.65,1.35,0,1.01,1.62,0.39,0.69
0.07,0.12,-0.1,-0.09,-0.03,-0.12,-0.22,0.2,0.51,0.34,-0.06,0.25,-0.07,0.18,0.26,0.26,-0.06,-0.06,0.18,0.18,0.2,0.12,0.08,0.07,0.41,0.28,0.07,0.25,0.15,0.1,-0.18,0.03,0.21,-0.18,0,-0.38,-0.1,-0.47,-0.01,0.01,0,0,-0.69,0,0,-0.06,-0.42,-0.4,-0.36,-0.42,-0.22,0,0,0,-0.32,-0.1,0.21,-0.15,0.16,-0.2,0.15,0.5,0.25,0.38,0.32,0.31,-0.22,-0.18,0.28,0.23,0.1,0.03,0.36,0.12,0.37,0.1,0.25,-0.21,-0.23,-0.17
-0.44,-0.42,-0.08,-0.46,-0.68,-0.23,0.09,0.32,0.4,0.36,0.07,0.06,-0.22,-0.07,-0.48,-0.39,-0.21,-0.34,0.06,-0.29,0.03,-0.11,0.02,0.24,0.08,0.06,-0.21,-0.48,0.34,0.19,-0.01,0.08,-0.04,-0.1,0.32,0.62,0.13,-0.38,-0.42,0.14,-0.01,0.23,-0.17,0.21,0.12,0.21,0.2,-0.05,0,0.2,0,0.23,0.14,-0.53,-0.42,-0.33,-0.93,-0.38,-0.49,-0.72,-0.93,-0.03,0.28,0,-0.05,0.02,-0.36,-0.29,0.01,0.3,0.18,0.07,0.03,-0.11,-0.4,-0.94,0.12,0.27,-0.12,-0.15
-0.92,-0.3,-0.56,-0.25,0.1,-0.17,-0.32,0.16,0.24,-0.1,-0.3,-0.23,-0.22,0.39,-0.32,1.52,-0.94,0.01,-0.47,0.16,-0.15,-0.18,-0.17,-0.45,0,-0.22,0.46,-0.42,-0.12,0,0.11,-0.47,-0.14,-0.3,0,0.04,0,0,1.74,0,0,0,0,0,-0.42,-0.43,-0.47,-0.1,-0.23,-0.27,-0.76,0,0,0,-0.01,-0.25,-0.64,-0.56,0,-0.22,0.07,-0.09,-0.2,0.28,0.19,0.31,0.14,-0.43,-0.58,-0.81,-0.6,-0.51,-0.18,-0.27,-0.3,-0.03,0.17,0.28,0.13,-0.24
1.74,3.07,2.84,2.34,1.59,0.77,0.52,-1.84,-1.94,-2.13,-0.23,1.37,0.7,-0.81,-1.4,-1.29,-0.49,-2.74,-0.45,2.93,2.79,3.1,2.97,2.41,1.49,1.55,-0.04,0.19,1.18,0.83,-0.23,1.14,0.44,-0.56,0,1.9,-0.71,-0.22,-0.94,0,0,0,0,0,0,-0.1,0.19,0.03,0,-0.71,-0.23,0,0,-0.84,-0.49,0.11,-0.36,0.44,0.52,0.63,0.58,-0.94,-0.34,-0.81,-0.1,0.79,1.23,0.03,0.55,1.21,1.36,1.31,0.95,0.89,0.33,-1.25,0.07,1.21,0.63,0.21
-0.58,-0.42,-0.89,-0.49,-0.25,-0.36,-0.3,0.11,0.39,0.13,-0.4,-0.22,-0.27,0.59,-0.58,-0.36,-0.81,0.04,0.41,-0.45,-0.58,-0.38,-0.15,-0.18,0.88,0.15,0.06,0.07,-0.29,0.07,-0.27,-0.45,-0.49,-0.14,0,0,0,-0.69,0,0,0,0,0,0,0,0.12,-0.17,-0.38,2.1,0,0,0,0,0,-0.12,-0.4,-0.3,-0.58,0,-0.27,-0.1,0.26,-0.06,0.19,-0.18,0.14,0.07,0.56,-0.17,-0.38,-0.32,-0.29,-0.04,-0.25,-0.58,0.01,-0.03,-0.1,-0.01,-0.09
-0.27,-0.49,-0.51,-0.25,-0.06,-0.12,-0.34,0.25,0.34,-0.27,-0.45,-0.22,-0.23,0.28,0.24,0.56,0.66,0.97,0.3,-0.43,-0.62,-0.4,-0.32,-0.15,0.41,0.07,0.12,-0.03,-0.07,0.19,-0.15,-0.01,-0.12,0.03,-0.22,0,0,-0.29,0,0,0,0,0,0,0,0,0,0,-4.06,0,0,0,0,0,0.41,0.26,0.54,0.33,0,0.31,0,-0.42,-0.1,0.12,-0.12,0.5,0.68,0.2,-0.23,-0.32,-0.36,-0.42,-0.03,-0.15,0.07,0.14,0.01,-0.27,-0.03,-0.28
0.06,0.51,0.5,0.24,0.2,-0.03,0.15,-0.14,-0.12,-0.55,0,0.07,0.13,-0.23,0.1,0.16,-0.44,0.38,-0.8,0.16,0,-0.2,-0.37,-0.5,0.56,0.92,1.44,0.36,0.31,1.24,1.25,1.88,-0.21,1.48,0,0.05,-0.11,-0.62,-0.27,-0.11,-0.36,0.07,0,-0.16,0.03,0.06,-0.14,0.02,-0.11,-0.17,-0.02,0.36,-0.28,-0.88,-1.66,-1.43,-0.15,-0.54,0,-0.81,-0.23,-0.34,-0.41,-0.34,0.23,0.11,-0.15,-0.05,0.48,0.51,0.62,0.6,0.72,0.58,-0.19,-0.05,0.15,-0.04,-0.09,-0.12
0.03,0.07,0.08,-0.12,-0.08,0.13,0.11,-0.09,-0.27,-0.41,0.21,0.19,0.18,0.01,-0.11,-0.12,-0.56,0.04,0.5,0,0.34,0.2,-0.2,0.02,0.93,0.54,0.85,0.23,0.33,0.45,0.38,0.62,0.19,0.33,0.72,0.5,0.3,0.14,0,0.23,-0.27,0.4,-0.38,-0.49,0.15,0.03,-0.07,-0.15,-0.25,0.86,-0.23,0.58,-0.1,-0.42,-0.22,-0.11,-0.4,-0.13,-0.31,0.19,-0.23,0.19,0.08,0.09,0.02,0.08,-0.12,-0.01,0.25,0.42,0.31,0.21,0.28,0.14,0.06,-0.11,0.06,-0.3,-0.22,-0.23
-3.18,-3.64,-2.32,-2.4,-1.4,-0.74,-0.34,0.8,0.96,1.13,0.08,-1.64,0.4,0.07,1.29,1.27,1.12,0.39,0.57,-3.06,-2.56,-2.94,-2.47,-1.4,-1,-1.06,0.21,-0.12,-0.79,-0.74,0.28,-0.18,0.2,0.73,0,0,-0.09,-1,0,0,0,0,0,0,0,0,0,0,0,0,-1.79,0,0,0.69,0.28,0,-0.89,-0.97,-1.69,-1.69,-1.43,0.68,0.61,0.18,-0.43,-1.18,-1.32,-0.15,-0.74,-1.36,-1.51,-1.6,-1.25,-1.09,-0.74,-0.43,-0.43,-1.69,-0.48,0
-1.89,-1.94,-1.74,-1.43,-1.29,-0.76,-0.43,0.81,1.02,0.98,-0.29,-1.12,-0.71,0.1,0.98,1.43,1.55,1.08,0.94,-1.84,-2.47,-2.25,-1.36,-0.29,-0.32,-0.71,-0.15,0.03,-0.34,-0.49,-0.12,-0.42,-0.22,0.18,0,0,0,0,0,0,0,0,0,0,0,0,0,0,0,0,0,0,0,0.55,0.23,0.07,-0.51,-0.47,-0.58,-1.43,-1.6,0.77,0.51,0.85,0.15,-0.1,-1.12,-0.03,-0.1,-0.38,-1,-1.18,-0.86,-0.81,-0.25,-0.27,0,-1.06,-0.07,0.21
-0.36,-0.07,-0.22,-0.14,-0.32,-0.27,-0.42,-0.22,-0.34,-0.64,0.51,0.32,-0.34,0.12,0.49,0.23,0.33,0.31,0.67,-0.04,0.04,0.21,0.4,0.14,0.54,0.82,0.31,-0.15,0.5,0.67,0.52,0.42,0.7,0.66,0,0,-0.89,0.45,0,0,0,0,0,0,0,0,0,0.26,0,0,0,0,0,-0.4,-0.18,0,-0.51,0,-0.32,-0.03,-0.07,0,0.01,0.08,0.01,-0.3,-0.17,-0.12,0.1,0.57,0.69,0.72,0.56,0.21,0.11,-0.36,0.09,0.14,-0.19,-0.08
1.52,1.99,2,2.18,1.66,0.42,0.23,-0.17,-0.54,-0.84,-0.34,0.46,0.24,-0.29,-0.92,-0.47,-1.09,0.21,-0.47,2.77,2.65,2.42,2.33,2.16,1.75,1.79,1.15,0.03,1.05,1.5,0.95,0.8,1.32,0.63,0.2,0.53,1.23,0.96,1.55,1.1,0.77,0.86,0.29,0.33,0.59,0.38,0.46,1.3,0.64,0.25,0.34,0.39,0.33,0,-0.42,0.11,0.9,0.57,1.05,1.24,1.59,0,-0.14,0.28,0.64,0.67,0.53,-0.17,0.7,1.56,2.04,2.4,2.41,1.96,1.75,0.81,0,0,1.1,0.51
-0.74,-0.79,-0.67,-0.29,0.07,-0.27,-0.58,0.42,0.6,0.41,-0.74,-0.17,-0.04,0.04,-0.84,0.88,-1.84,1.06,-0.17,-0.25,-0.18,-0.38,-0.17,0.03,0.25,-0.29,0.14,-0.25,-0.23,-0.23,0.06,-0.45,0.18,0.32,0,0,0,0,0,0,0,0,0,0,0,0,0,0,0,0,0,0,0,0,-0.71,-0.58,-0.62,-0.54,-0.64,-1,-0.54,0,0,0,0,0,0,0,-0.23,-0.17,-0.42,-0.42,-0.18,-0.04,0.28,-0.03,0,0,0.04,-0.12
-1.89,-1.94,-1,-0.6,-0.92,-0.12,0.39,0.67,0.87,1.06,0.01,-1.25,-0.56,-0.04,0.16,0.64,0.28,0.51,0.1,-1.56,-1.94,-1.64,-0.97,0.07,-0.74,-0.79,-0.07,-0.32,-0.3,-0.38,0.1,-0.01,0.45,0.63,0,0,-1.22,-0.6,-1.25,0,-0.06,0,0,0,0,1.22,0,-0.22,0,0,0,0,0,-0.36,-0.74,-0.79,-1.22,-1.12,-1.51,-1.89,-1.64,0.77,0.76,0.41,-0.1,-0.71,-1.4,0.04,-0.25,-0.4,-1.06,-0.94,-0.89,-0.58,-0.32,-0.32,-0.49,-1.2,0.08,-0.2
-0.83,-0.88,-0.42,-0.45,-0.29,0.01,-0.01,-0.14,0.17,0.17,-0.25,-0.06,0.06,0.46,0.71,0.58,0.09,0.3,0.73,-0.92,-0.95,-0.7,-0.67,-0.02,-0.87,-0.11,0.67,-0.07,0.1,0.31,0.73,0.44,0.1,0.93,-0.45,-0.76,-0.56,-1.03,-0.06,-0.29,0.11,0.48,0.21,-0.19,-0.17,0,-0.2,-0.09,-0.03,0.06,0.54,-0.25,-0.18,0.1,-0.07,-0.48,-0.59,-0.47,-0.58,-0.39,-0.38,0.25,0.28,0.17,0.34,0.14,0.06,0,0.08,-0.34,-0.52,-0.64,-0.33,-0.27,-0.43,-0.18,-0.16,-0.24,-0.62,-0.23
-1.36,-0.49,-0.42,-0.58,-0.58,-0.38,-0.69,0.54,0.58,0.62,-0.54,-0.22,0.12,0.44,-0.45,-0.15,-0.67,0.15,-0.32,-0.74,-0.92,-0.43,-0.2,-0.2,-0.22,0,0.38,0.77,0.19,0.43,0.26,0.06,0.52,0.67,1.08,2.09,0,-0.97,0,0,0,0,0,0,0,0,1.09,1,0,0,0,0,0,-0.45,-0.2,-0.34,-0.45,-0.4,-0.69,-0.71,-0.54,0.6,0.55,0.14,-0.22,-0.42,-0.79,0.6,-0.34,-0.58,-0.67,-0.3,-0.06,-0.2,0.12,-0.27,-0.64,-1.31,-0.73,-0.53
-0.04,0.3,-0.36,-0.07,0.01,-0.38,-0.64,0,0.53,0.21,1.58,0,0,0,-0.34,-0.23,-0.09,0.53,0.58,0.76,0.32,0.23,0.21,0.34,0.38,0.04,0.23,0.15,-0.17,-0.34,-0.49,-0.43,-0.17,-0.03,0,0,0,0,0,0,0,0,0,0,0,0,0,0,0.58,0,0.81,0,3.39,0,-0.38,-0.04,0.33,-0.09,0.11,0.34,0.3,0,0,0,1.54,0,0,0,0.06,0.18,-0.04,-0.09,0.03,0.01,0.12,0.06,0,0,0.04,0.01
-0.07,0.33,0.71,0.59,0.62,0.79,0.77,-0.12,0.23,-0.23,-0.14,0.46,0.45,0.23,-0.76,-0.25,-0.23,0.18,0.1,0.04,0.77,0.65,0.31,0.68,1.02,0.25,0.56,-0.14,0.39,-0.06,0.26,0.42,0.12,0.61,0.75,0,0.49,-0.45,-1.06,0,-0.03,-0.32,0.32,-0.34,0.32,0.81,0.33,0,0,-0.89,1.03,-0.27,0.48,-0.58,0,0.07,0.16,-0.34,-0.06,-0.01,-0.58,-0.03,0.33,0.1,0.36,0.56,0.67,-0.12,0.16,0.36,0.5,0.24,0.48,0.44,0.33,0.29,0.65,1.15,0.76,0.38
0.66,1.07,0.77,0.11,0.18,0.51,0.48,-0.1,-0.27,-0.32,0.38,0.54,-0.14,0.16,-0.94,-0.84,-0.56,-0.42,-0.06,0.75,1.11,0.81,0.51,0.43,-0.54,-0.2,-0.32,0.08,-0.34,-0.76,-0.69,-0.81,-0.76,-0.67,-0.04,-0.4,0.07,0.04,-0.07,0.03,-0.42,-0.1,-0.18,-0.36,0.15,0.18,-0.12,-0.06,0.04,0.26,0.49,0.53,0.58,-0.74,-0.62,-0.06,-0.54,-0.03,0.07,-0.23,-0.58,0.2,0.33,0.18,-0.12,0.37,0.86,0.24,0.21,0.03,0.23,-0.04,0,-0.06,-0.06,-0.01,1.33,1.5,-0.08,0.14
-0.43,-0.74,-0.58,-0.58,-0.79,-0.03,0.04,0.44,0.66,0.46,-0.04,-0.38,-0.34,-0.01,-0.09,0.23,0.26,0.73,0.26,-0.86,-0.86,-0.81,-0.47,0.25,-0.18,-0.1,-0.14,-0.34,0.16,-0.04,-0.04,0.08,0.12,0.21,0.2,0.32,0.45,0.59,0.15,0.21,-0.23,-0.15,-0.17,-0.45,0.26,0.39,0.34,0.38,0.33,0.61,0.63,0.46,0.74,0.08,-0.03,0.37,0.06,0.49,0.4,0.16,-0.38,0.36,0.9,0.39,0.24,0.38,-0.25,-0.36,0.07,0.5,0.33,-0.04,-0.03,0.19,0.16,-0.03,0.5,0.53,0.37,0.21
-0.28,-0.26,-0.39,-0.08,-0.03,0.08,0.17,0.3,0.29,0.16,-0.28,-0.22,-0.07,0.2,0.08,0.2,0.32,-0.04,-0.08,-0.44,-0.29,-0.35,-0.14,0.24,-0.25,-0.1,0.05,-0.14,0.04,0.04,0.09,-0.13,0.21,0.08,0.9,0.53,0.49,0.53,0.28,0.29,1.15,-0.12,-0.23,-0.34,0.66,0.52,0.54,0.61,0.62,0.74,0.59,0.23,0.72,-0.17,-0.07,0.18,0.52,0.33,0.08,0.18,-0.23,-0.09,0.39,0.19,0.34,0.52,0.34,-0.13,-0.11,-0.07,-0.14,-0.22,0.07,0.15,0.58,0.14,0.16,0.32,0.41,0.12
-0.25,-0.49,-0.29,-0.14,-0.18,0.1,0.08,0.25,0,-0.12,-0.1,0.16,0.54,-0.1,-0.12,-0.09,-0.29,-0.36,-0.51,-0.79,-0.03,0.15,-0.69,-0.14,0,-0.07,0.29,-0.23,0,-0.27,0.14,0.04,0.23,0.37,0.75,0.45,0.67,1.12,0.12,0.2,-0.27,-0.38,0.12,-0.3,0.12,0.39,0.16,0.29,0.29,0.36,0.33,0.23,0.24,0,0,0,0,0,0.85,0.81,1.72,0.4,0.58,0.4,0.06,-0.1,0.08,-0.14,0,0,0,0,0,0,0,0,0.12,0.23,0.12,0.15
-0.69,-0.45,-0.29,-0.58,-1.06,0.01,-0.12,0.3,0.63,0.49,0.31,-0.12,0.1,0.07,0.25,0.51,0.43,0.77,0.58,-1.25,-0.38,0,-0.62,0.11,-0.23,-0.09,0.14,0.11,-0.12,-0.12,0.06,0.34,0.07,0.34,0.84,0.45,0.67,1.11,0.19,0.07,-0.29,-0.4,-0.2,-0.51,0.37,0.63,0.45,0.4,0.6,0.69,0.78,0.58,0.53,0.39,0.49,0.67,0.58,0.87,0.86,0.77,0.1,0.28,0.82,1.04,0.49,0.55,-0.1,-0.23,0.26,0.39,0.53,0.37,0.6,0.59,0.89,0.49,-0.06,-0.05,0.19,0.19
-0.12,0.29,0.49,0.18,-0.74,0.12,-0.01,-0.22,0.16,-0.04,0.04,0.2,0.77,0.04,-0.01,-0.09,-0.15,0.41,0.26,-0.51,0.45,0.69,0.31,0.93,0.11,0.44,0.46,0.14,0.48,0.48,0.42,0.45,0.67,0.59,-0.01,0.03,0.72,-0.49,0.2,0.71,-0.1,-0.4,-0.14,-0.49,-0.49,-0.51,-0.67,-0.14,-0.6,-1.09,-0.4,-0.42,-0.49,-0.14,-0.18,-0.1,0.01,0.51,0.36,0.03,-0.58,0.36,0.46,0.41,0.48,0.4,-0.01,-0.06,0.66,1.18,1.59,1.23,1.47,1.4,1.55,0.68,0.14,-0.26,0.06,-0.07
-0.4,-0.04,-0.1,-0.36,-0.62,-0.04,0.11,0.03,0.55,0.29,0,0.1,0.7,0.25,-0.23,-0.47,-0.38,-0.29,-0.06,-0.71,0.16,-0.07,0.21,0.42,-0.42,-0.1,-0.22,0.28,-0.22,-0.54,-0.2,-0.58,-0.1,-0.18,-0.07,-0.09,0.3,-0.47,0.06,-0.06,-0.45,-0.45,-0.29,-0.6,0.28,1.16,0.76,0.68,0.66,0.67,0.6,0.52,0.14,-0.71,-0.3,-0.17,-0.79,-0.49,-0.15,-0.67,-0.92,0.26,0.48,0.63,0.21,0,0.04,0.21,0.2,0.52,0.63,0.51,0.6,0.53,0.66,0.14,0.2,0.33,0.23,0.19
0.03,0.33,0.08,0.26,0.25,0.5,0.36,0.56,0.11,-0.25,-0.04,0.08,0.08,0.28,-0.6,-0.64,-0.47,-0.23,-0.27,0.14,0.34,0.48,0.57,0.14,-0.71,-0.15,-0.03,-0.18,-0.01,-0.47,-0.04,-0.38,-0.01,0.1,0.56,-0.34,0.4,-0.38,0.43,0.23,0,-0.22,0.32,0.07,0,0.69,0.81,0.73,0.79,0.58,0.53,0.52,0.67,0,0,-0.3,-0.6,-0.22,-0.4,-0.92,-0.76,-0.23,0.41,0.67,0.16,0.28,0.33,0.3,0.15,0.41,0.31,0.16,0.43,0.5,0.41,0.52,0.11,0.42,0.64,0.16
1.08,1.28,1.23,0.89,0.36,0.33,0.38,-0.1,-0.65,-0.5,0.13,0.42,0.28,-0.22,-0.69,-0.72,-0.72,-0.33,0.12,0.77,1.74,1.4,1.17,0.85,0.37,0.12,-0.39,0.37,0.31,-0.12,-0.39,0.51,-0.31,-0.58,0.48,0.27,0.65,-0.1,0.49,-0.07,-0.26,0.14,-0.15,-0.1,0.51,1.32,1.34,1.33,1.05,1.13,1,1.08,0.91,-0.16,-0.27,-0.29,-0.41,-0.21,0,-0.43,-0.57,-0.23,-0.09,0.17,-0.07,0.12,0.18,0.09,0.58,0.78,0.77,0.58,0.64,0.27,0.02,0.16,0.17,0.46,0.81,0.32
0,0,0,0,0,0,0,-0.15,0.07,-0.11,0.28,0.19,0.36,0.18,0.15,0.03,0.1,-0.51,0.16,0,0,0,0,0,-0.1,-0.25,-0.09,0,-0.03,0.01,-0.07,0.2,-0.03,0.39,0.64,0.03,0.75,-0.92,0.58,0.3,-0.09,0.01,0,-0.2,-0.18,1.08,0.72,0.7,0.42,0.86,0.9,1.29,0.58,0.12,0.29,0.14,-0.27,0.03,0.12,-0.32,-0.86,0.18,0.34,0.15,-0.06,0.03,0.07,-0.29,0.15,0.21,0.57,0.29,0.66,0.38,0.12,0.3,0.21,0.68,0.56,0.17
-0.74,-0.79,-0.94,0,0,-0.42,0.16,0.52,-0.14,-0.73,-0.15,-0.38,-0.07,0.2,-1.12,-0.89,-1.06,-1.06,-0.92,-0.42,-0.43,-0.54,-0.25,-0.34,-1.12,0.18,-0.2,-0.29,-0.47,-0.64,-0.18,-1.36,-0.23,-0.15,0,3,0,-1.32,-1,0,-1,0,0,2,0,0.6,-0.56,0.29,0.23,0.14,0.43,0,0,0,0,-0.17,-0.62,-0.89,-0.45,-1.12,-1.06,-0.71,0.07,-0.18,-0.71,-0.25,-0.36,0.1,-0.36,0,-0.27,-0.06,0,0.28,0.14,-1.25,0.18,0.35,0.24,-0.01
-1.6,-2.32,-2.18,-1.94,-2,-0.84,-0.18,1.11,1.38,1.22,0.34,-1.51,-1.12,0.14,0.46,1.09,0.56,1.65,1.24,-3.64,-3.84,-3.32,-2.25,-0.32,-0.18,-0.67,-0.45,0.07,-0.01,-0.56,-0.29,0.12,-0.06,0,0,-1.43,0,-0.86,-0.3,0,0,0,0,0,0,0.81,0.16,0.42,0.48,0.49,0.41,0,0,0.14,0.04,-0.04,-0.4,-0.42,-0.56,-1.89,-2.64,1.22,1.08,0.69,0.07,-0.92,-2.18,0.04,0.41,0.6,-0.1,-1.03,-1.09,-0.79,-0.49,-0.3,0.01,-1.36,-0.94,-0.22
0,-0.2,-0.51,0,0,-0.06,-0.03,0.24,-0.15,0,0.23,-0.43,0.1,0.23,-0.94,-1.25,-1.69,-1.18,-1.03,0.07,0.11,-0.09,-0.03,-0.2,-1.22,1.37,-0.36,-0.29,-0.51,-1.06,-0.42,-1.22,-0.47,-0.47,0,-2.56,-1.79,-0.42,0,1.58,0,0,0,0,0,0,0,0,0,0,0,0,0,0,-0.74,-0.71,-0.94,0,-0.49,-0.92,-0.81,-0.74,-0.97,-0.42,-0.32,0.59,0.7,0.14,-0.2,-0.4,-0.01,0.38,0.86,1.04,2.28,0.34,-0.27,-0.56,-1,0
1.72,2.44,2.3,1.88,1.19,-0.09,0,-1.12,-0.89,-0.18,0.1,1.23,1.06,-0.43,-0.89,-0.76,-1.25,-0.84,-0.58,2.79,2.65,2.77,2.47,1.91,0.34,0.58,-0.36,-0.32,0.57,0,-0.47,0.14,-0.43,-1.22,0.24,0.71,0.91,0.28,1.01,0.92,0.96,-0.09,1.29,1.06,0.14,1.03,1.16,0.84,0.41,0.45,0.94,0.76,0.49,-1.22,-1.64,-0.43,-0.25,0,0,0.25,0,-0.15,-0.15,-0.45,-0.2,0.67,1.24,0.25,1.16,1.82,1.9,2.08,0.93,0.86,1.26,0.12,1.21,2.53,1.21,1.49
-0.56,-0.64,-0.79,-0.69,0,-0.38,-0.4,0.64,0.36,0.07,0.32,-0.18,-0.32,0.18,-0.06,-0.07,-0.42,0.21,0.14,-0.67,-0.54,-0.56,-0.43,0.1,-0.32,-0.36,-0.1,-0.04,-0.07,-0.23,-0.03,-0.32,0.06,-0.14,-0.4,-0.2,0.03,0,-0.09,-0.18,0,-0.42,-0.04,0.1,-0.15,0.23,0.18,0.01,0.04,0.04,-0.27,-0.25,-0.01,0,0.1,-0.43,-0.2,0.16,0.01,0.12,-0.25,0.19,0.2,0.38,-0.22,-0.22,-0.34,-0.14,-0.06,0.03,-0.2,-0.25,-0.06,-0.09,-0.01,-0.06,-0.01,-0.42,0.09,0.02
-2,-2.74,-2.12,-2,-1.64,-0.94,-0.47,1.16,1.57,1.29,0.23,-1.43,-0.49,0.11,0.59,1.06,0.52,1.4,1.23,-3.84,-4.32,-3.84,-2.32,-0.34,-0.15,-0.29,-0.22,0.19,-0.04,-0.42,-0.15,0.01,0.14,-0.06,-0.03,-1.43,-1.25,-0.89,-0.84,-0.69,-0.17,-0.81,0.29,0.07,0.37,0.04,-0.14,-0.06,0.18,-0.03,0.01,-0.23,-0.62,0.6,-0.01,0.31,0.04,-0.36,-0.74,-1.43,-1.74,1.24,1.39,0.92,0.25,-1.15,-2.4,0.08,0.41,0.19,-0.56,-1.09,-1.09,-1,-0.74,-0.49,-0.31,-1.07,-0.4,-0.23
-1.43,-2.25,-2,-1.94,-1.64,-0.84,-0.58,0.86,1.46,1.08,0.37,-1.03,-0.79,0.04,0.4,0.96,0.72,1.57,1.35,-3.47,-3.84,-3.18,-2.06,-0.14,0.01,-0.36,-0.22,0.29,0.03,-0.47,-0.2,0.08,0.06,-0.09,-0.18,-1.6,-1.25,-0.6,-0.89,-0.58,-0.1,-0.76,0.36,0.14,0.21,0.06,-0.1,-0.2,-0.06,-0.12,-0.23,-0.49,-0.34,0.86,0.19,0.33,0.26,-0.04,-0.36,-0.92,-1.43,1.24,1.33,0.8,0.23,-0.86,-2.06,-0.03,0.6,0.4,-0.34,-1.06,-1.12,-0.92,-0.51,-0.4,-0.07,-1.07,-0.65,-0.2
-0.74,-0.2,-0.01,-0.23,-0.22,-0.09,0.04,0.42,0.1,0.38,-0.25,-0.36,0.18,-0.06,-0.06,0.11,-0.18,-0.15,-0.1,-0.49,-0.56,-0.34,0.1,0.23,-0.1,0.12,0.03,-0.23,0.21,0.18,0.12,-0.1,0.15,-0.22,0,0.5,0.36,0.41,0.18,0.16,0,0,0,0,-3.06,0.26,0.21,0.38,0.23,0.12,-0.06,0.21,-0.3,0,-0.51,-0.23,-0.51,-0.54,-0.3,-0.36,-0.2,0.23,0.28,0.11,-0.09,-0.12,-0.54,-0.09,-0.2,-0.01,0.11,0.06,0.19,0.1,-0.06,-0.04,0.15,0.41,0.11,-0.09
-0.2,0.34,0.65,0.19,0.19,-0.06,-0.01,-0.34,0.01,0.46,0.11,0.55,0.73,0.01,-0.14,-0.04,-0.34,-0.23,-0.14,0.73,0.68,0.82,0.66,0.46,-0.22,-0.09,-0.49,0.01,0.18,-0.1,-0.14,-0.17,0.07,-0.1,0,0.3,0.26,0,0.3,0,0,0,0,0,0,0.54,0.63,0.48,0.4,0.3,0.26,0.45,1.06,-0.94,-0.81,-0.79,-0.03,-0.58,-0.17,-0.71,-0.74,0.15,0.44,0.06,-0.22,-0.09,-0.23,-0.4,0.25,0.19,0.25,0.25,0.12,0.15,0.31,0.2,-0.12,0.81,0.64,0.04
0.4,0.71,0.3,0.01,0.5,0.21,-0.01,0.24,0.54,0.46,0.07,0.2,-0.06,0.06,-0.36,-0.32,-0.81,0.36,0.56,0.67,0.96,0.93,0.6,0.12,0.23,0.2,0.03,0.38,-0.01,-0.07,-0.3,-0.01,0.03,-0.38,-0.14,-0.32,-0.32,0.2,-0.03,0.19,0.15,-0.2,-0.01,-0.01,0.92,0.52,0.1,0.43,0.23,-0.03,0,0.44,0.32,0.19,0.07,0.25,0.46,0.72,0.81,0.56,0.38,0.49,0.5,0.39,0.66,0.83,0.44,0,0.12,-0.01,-0.54,-0.34,-0.01,-0.04,0.61,0.06,0.04,-0.24,0.27,0.5
-0.34,0.1,-0.17,-0.1,0.1,0.08,-0.1,0.04,0.24,0.03,-0.45,0.08,-0.23,-0.12,0.16,0.38,0.12,0.42,-0.03,-0.14,-0.14,-0.15,0.18,-0.06,0.15,0.08,0.06,0.01,-0.12,0.31,0.16,0.11,0,0.08,-0.18,-0.38,-0.01,-0.56,-0.23,-0.06,-0.2,-0.32,-0.23,-0.12,-0.15,-0.17,-0.3,-0.6,-0.22,-0.43,-0.6,-0.45,0,-0.58,-0.34,-0.43,-0.56,-0.34,-0.32,-0.76,-0.69,0,0.23,0.15,-0.27,0.04,-0.36,-0.51,-0.49,-0.51,-0.56,-0.43,0.03,-0.3,-0.29,-0.01,0.06,0.07,0.12,-0.02
0.35,0.69,0.7,0.35,0.07,-0.16,-0.06,-0.29,-0.11,-0.24,0.04,0.56,0.29,-0.39,-0.57,-0.42,-0.38,-0.22,0.15,0.56,0.64,0.47,0.61,0.62,1.61,0.66,2.14,-0.18,0.56,-0.1,0.12,0.38,0.27,-0.14,0.11,0.38,0.44,0.28,0.29,0.33,0.3,-0.11,0.4,0.19,0.07,0.63,0.89,0.46,0.34,0.63,0.78,0.86,0.34,-1.23,-0.4,0,0.1,0,-0.42,-0.13,0.53,-0.09,-0.17,-0.09,0.08,0.47,0.46,-0.41,0.38,0.63,0.73,0.52,0.28,0.24,-0.04,0.08,0.27,0.56,0.47,0.24
0.1,0.11,-0.18,-0.03,0,-0.15,-0.15,0,0.19,0.19,0,0.26,-0.58,0.58,0.6,0.34,0.3,0.24,-0.01,-0.12,0.1,0.03,0.2,-0.3,-0.1,-0.04,-0.1,-0.25,0.01,0.11,0.2,-0.12,-0.03,-0.04,0.01,-0.01,0.37,0.84,0.03,0,0.04,-0.18,-0.12,-0.23,-0.01,0.33,0.19,0.19,0.21,0.07,0.03,0.16,0.03,0.42,0.29,0.24,0.3,0.41,0.56,-0.06,0.26,0,-1.32,0,0.58,0,0,0,-0.36,-0.15,-0.14,-0.15,0.21,-0.01,-0.01,0.07,-0.08,-0.03,0.24,-0.12
-1.12,-1.15,-1.79,-1.51,-0.67,-1.06,-0.71,0.58,0.58,0.5,-0.54,-0.43,-0.54,-0.03,0.25,0.1,0.4,0.42,0.4,-1.6,-1.25,-1.29,-0.6,-0.89,-0.09,-0.17,-0.23,-0.15,-0.54,-0.12,0,-0.17,-0.45,-0.43,-0.32,-0.3,-0.45,-1.03,-0.32,-0.47,-0.15,0.01,0.12,0.03,-0.27,-0.58,-0.4,-0.58,-0.09,-0.04,-0.2,0.06,-0.15,-0.97,-0.3,-0.97,-0.51,-1.09,-0.86,-1.29,-1.09,0.49,0.42,0.11,-0.34,-1.12,-0.67,0.25,-0.43,-0.86,-0.84,-0.92,-0.36,-1.18,-0.94,-0.89,-0.03,-0.24,-0.34,-0.09
